track_id,track_name,danceability,energy,valence,acousticness,tempo,loudness,genre,artist,popularity
SAMPLE00000,Pop Track 0,0.6866,0.5948,0.8228,0.2023,116.6958,-4.8968,pop,Synthetic Artist,44
SAMPLE00001,Pop Track 1,0.5252,0.7012,0.729,0.1401,101.9557,-3.159,pop,Synthetic Artist,51
SAMPLE00002,Pop Track 2,0.7401,0.9093,0.4061,0.0,108.8816,-6.538,pop,Synthetic Artist,28
SAMPLE00003,Pop Track 3,0.7629,0.502,0.2495,0.6098,131.946,-6.7842,pop,Synthetic Artist,25
SAMPLE00004,Pop Track 4,0.4159,0.6132,0.0,0.557,118.0659,-8.1715,pop,Synthetic Artist,53
SAMPLE00005,Pop Track 5,0.4937,0.7666,0.4413,0.4272,125.4846,-7.0574,pop,Synthetic Artist,36
SAMPLE00006,Pop Track 6,0.6653,0.7152,1.0,0.0158,132.7417,-4.5597,pop,Synthetic Artist,24
SAMPLE00007,Pop Track 7,0.6121,0.5936,0.637,0.371,109.7535,-6.9156,pop,Synthetic Artist,67
SAMPLE00008,Pop Track 8,0.648,0.6299,0.4381,0.3279,134.6375,-3.1411,pop,Synthetic Artist,39
SAMPLE00009,Pop Track 9,0.5476,0.4438,0.643,0.2885,126.3345,-8.7019,pop,Synthetic Artist,71
SAMPLE00010,Pop Track 10,0.7555,0.6143,0.2378,0.4499,90.8341,-4.7157,pop,Synthetic Artist,51
SAMPLE00011,Pop Track 11,0.7433,0.61,0.4905,0.3271,149.7307,-6.5449,pop,Synthetic Artist,55
SAMPLE00012,Pop Track 12,0.6579,0.6848,0.5699,0.348,106.9836,-4.6995,pop,Synthetic Artist,46
SAMPLE00013,Pop Track 13,0.7853,0.5667,0.5328,0.3274,81.5879,-7.8941,pop,Synthetic Artist,2
SAMPLE00014,Pop Track 14,0.7061,0.7207,0.7082,0.2682,95.009,-6.1747,pop,Synthetic Artist,30
SAMPLE00015,Pop Track 15,0.5469,0.8019,0.6189,0.0,95.537,-5.8196,pop,Synthetic Artist,48
SAMPLE00016,Pop Track 16,0.6943,0.6733,0.6837,0.2167,119.1478,-8.0322,pop,Synthetic Artist,57
SAMPLE00017,Pop Track 17,0.5349,0.7028,0.4123,0.0888,111.9753,-4.8593,pop,Synthetic Artist,18
SAMPLE00018,Pop Track 18,0.7554,0.658,0.7296,0.0,110.5897,-5.1517,pop,Synthetic Artist,49
SAMPLE00019,Pop Track 19,0.644,0.65,0.8758,0.5364,131.6334,-5.3128,pop,Synthetic Artist,30
SAMPLE00020,Pop Track 20,0.6278,0.5418,0.356,0.5458,125.4773,-4.0755,pop,Synthetic Artist,54
SAMPLE00021,Pop Track 21,0.5683,0.6975,0.3725,0.4718,124.9531,-3.3165,pop,Synthetic Artist,50
SAMPLE00022,Pop Track 22,0.7967,0.6354,0.8172,0.251,127.0162,-7.3374,pop,Synthetic Artist,63
SAMPLE00023,Pop Track 23,0.6315,0.964,0.5117,0.4701,131.555,-3.87,pop,Synthetic Artist,69
SAMPLE00024,Pop Track 24,0.5986,0.886,0.8308,0.2024,71.625,-6.3312,pop,Synthetic Artist,58
SAMPLE00025,Pop Track 25,0.6077,0.7079,0.4615,0.2406,109.9824,-6.106,pop,Synthetic Artist,65
SAMPLE00026,Pop Track 26,0.7139,0.5355,0.841,0.0,70.0354,-8.3863,pop,Synthetic Artist,44
SAMPLE00027,Pop Track 27,0.6939,0.4831,0.5763,0.2794,118.7933,-4.261,pop,Synthetic Artist,100
SAMPLE00028,Pop Track 28,0.6995,0.8287,0.6016,0.2121,117.8981,-4.7006,pop,Synthetic Artist,28
SAMPLE00029,Pop Track 29,0.7017,0.6894,0.8629,0.0,141.0017,-6.6996,pop,Synthetic Artist,41
SAMPLE00030,Pop Track 30,0.907,0.722,0.4776,0.1898,144.128,-3.6806,pop,Synthetic Artist,66
SAMPLE00031,Pop Track 31,0.6012,0.3883,0.3618,0.1841,122.4611,-12.4114,pop,Synthetic Artist,64
SAMPLE00032,Pop Track 32,0.5885,0.7891,0.4603,0.5595,106.9921,-9.6935,pop,Synthetic Artist,59
SAMPLE00033,Pop Track 33,0.5523,0.7182,0.6405,0.3788,128.6735,-4.4993,pop,Synthetic Artist,62
SAMPLE00034,Pop Track 34,0.7239,0.4834,0.2368,0.2023,106.3858,-7.3785,pop,Synthetic Artist,12
SAMPLE00035,Pop Track 35,0.7855,0.5793,0.6775,0.2498,117.9694,-6.4235,pop,Synthetic Artist,79
SAMPLE00036,Pop Track 36,0.6363,0.6896,0.4422,0.2088,139.695,-8.9154,pop,Synthetic Artist,46
SAMPLE00037,Pop Track 37,0.5492,0.6579,0.7796,0.1594,105.729,-6.4992,pop,Synthetic Artist,72
SAMPLE00038,Pop Track 38,0.5511,0.6062,0.0711,0.0,135.7249,-2.7559,pop,Synthetic Artist,13
SAMPLE00039,Pop Track 39,0.7281,0.6345,0.3927,0.1698,132.9028,-4.9447,pop,Synthetic Artist,55
SAMPLE00040,Pop Track 40,0.7392,0.6122,0.2127,0.0508,96.9946,-6.3874,pop,Synthetic Artist,40
SAMPLE00041,Pop Track 41,0.7152,0.6729,0.3848,0.0,139.4257,-7.2408,pop,Synthetic Artist,60
SAMPLE00042,Pop Track 42,0.5701,0.8707,0.5995,0.3022,133.3685,-5.9648,pop,Synthetic Artist,56
SAMPLE00043,Pop Track 43,0.6779,0.265,0.5142,0.2783,120.2424,-13.0684,pop,Synthetic Artist,57
SAMPLE00044,Pop Track 44,0.664,0.6145,0.4993,0.0,101.2289,-6.1979,pop,Synthetic Artist,31
SAMPLE00045,Pop Track 45,0.6762,0.6765,0.5182,0.1755,99.0975,-4.6502,pop,Synthetic Artist,49
SAMPLE00046,Pop Track 46,0.7546,0.6944,0.5907,0.3991,106.1714,-9.3848,pop,Synthetic Artist,47
SAMPLE00047,Pop Track 47,0.6768,0.5942,0.3483,0.4118,129.9371,-8.1576,pop,Synthetic Artist,59
SAMPLE00048,Pop Track 48,0.7315,0.3865,0.6914,0.4052,96.9762,-10.396,pop,Synthetic Artist,68
SAMPLE00049,Pop Track 49,0.6581,0.6992,0.6825,0.2078,127.6253,-8.1355,pop,Synthetic Artist,53
SAMPLE00050,Pop Track 50,0.6847,0.9091,0.627,0.031,90.6814,-4.8384,pop,Synthetic Artist,27
SAMPLE00051,Pop Track 51,0.7258,0.4199,0.6613,0.0,113.5105,-12.0493,pop,Synthetic Artist,52
SAMPLE00052,Pop Track 52,0.4751,0.7796,0.6093,0.2689,120.4123,-4.494,pop,Synthetic Artist,97
SAMPLE00053,Pop Track 53,0.6116,0.6007,0.957,0.2759,171.7929,-5.288,pop,Synthetic Artist,80
SAMPLE00054,Pop Track 54,0.5936,0.6408,0.5326,0.4575,87.6991,-7.0574,pop,Synthetic Artist,0
SAMPLE00055,Pop Track 55,0.5733,0.4921,0.4886,0.42,150.3843,-12.409,pop,Synthetic Artist,51
SAMPLE00056,Pop Track 56,0.617,0.5998,0.3993,0.1736,121.2965,-8.7938,pop,Synthetic Artist,67
SAMPLE00057,Pop Track 57,0.8294,0.845,0.3435,0.0,127.0458,-2.8642,pop,Synthetic Artist,47
SAMPLE00058,Pop Track 58,0.5461,0.7374,0.3011,0.1362,120.6037,-11.5316,pop,Synthetic Artist,42
SAMPLE00059,Pop Track 59,0.7662,0.9098,0.3722,0.2434,127.784,-5.636,pop,Synthetic Artist,45
SAMPLE00060,Pop Track 60,0.4481,0.8266,0.5359,0.1596,114.6189,-7.8003,pop,Synthetic Artist,60
SAMPLE00061,Pop Track 61,0.6098,0.7159,0.6169,0.0844,149.9891,-4.4957,pop,Synthetic Artist,29
SAMPLE00062,Pop Track 62,0.6695,0.9116,0.5602,0.2506,107.9576,-6.2807,pop,Synthetic Artist,71
SAMPLE00063,Pop Track 63,0.7203,0.7158,0.3969,0.0992,142.9092,-5.297,pop,Synthetic Artist,49
SAMPLE00064,Pop Track 64,0.7353,0.7742,0.73,0.0744,103.8239,-4.6239,pop,Synthetic Artist,33
SAMPLE00065,Pop Track 65,0.7452,0.6055,0.6979,0.2623,116.6745,-3.0945,pop,Synthetic Artist,70
SAMPLE00066,Pop Track 66,0.6082,0.66,0.5181,0.1196,94.4168,-6.846,pop,Synthetic Artist,22
SAMPLE00067,Pop Track 67,0.5945,0.5454,0.4194,0.2488,128.0105,-6.3756,pop,Synthetic Artist,40
SAMPLE00068,Pop Track 68,0.753,0.7984,0.6597,0.2546,149.7928,-8.5795,pop,Synthetic Artist,40
SAMPLE00069,Pop Track 69,0.627,0.4733,0.5876,0.0,116.2982,-5.1796,pop,Synthetic Artist,89
SAMPLE00070,Pop Track 70,0.4969,0.7674,0.2604,0.1038,113.6685,-7.3169,pop,Synthetic Artist,38
SAMPLE00071,Pop Track 71,0.514,0.6214,0.5364,0.4876,93.4784,-7.7931,pop,Synthetic Artist,11
SAMPLE00072,Pop Track 72,0.5397,0.8257,0.6024,0.0,112.9556,-5.4904,pop,Synthetic Artist,40
SAMPLE00073,Pop Track 73,0.7097,0.7626,0.3701,0.0,82.9585,-8.95,pop,Synthetic Artist,58
SAMPLE00074,Pop Track 74,0.6671,0.9231,0.588,0.0,97.9167,-4.4039,pop,Synthetic Artist,64
SAMPLE00075,Pop Track 75,0.7329,0.7596,0.259,0.2058,122.9893,-3.9074,pop,Synthetic Artist,91
SAMPLE00076,Pop Track 76,0.5987,0.4142,0.8172,0.2062,147.0183,-7.329,pop,Synthetic Artist,75
SAMPLE00077,Pop Track 77,0.669,0.64,0.7996,0.1765,179.8026,-9.7381,pop,Synthetic Artist,53
SAMPLE00078,Pop Track 78,0.7251,0.4742,0.4995,0.4428,105.0951,-7.8024,pop,Synthetic Artist,34
SAMPLE00079,Pop Track 79,0.6129,0.5723,0.6227,0.0,149.5766,-5.4824,pop,Synthetic Artist,79
SAMPLE00080,Pop Track 80,0.7048,0.8767,0.068,0.2792,123.3626,-8.8959,pop,Synthetic Artist,43
SAMPLE00081,Pop Track 81,0.5706,0.7456,0.3187,0.5123,114.6726,-8.0758,pop,Synthetic Artist,38
SAMPLE00082,Pop Track 82,0.6064,0.5452,0.4912,0.0,127.5171,-5.376,pop,Synthetic Artist,42
SAMPLE00083,Pop Track 83,0.6042,0.4979,0.3356,0.124,119.3622,-6.8722,pop,Synthetic Artist,27
SAMPLE00084,Pop Track 84,0.5065,0.6549,0.6929,0.0494,120.4287,-5.6466,pop,Synthetic Artist,42
SAMPLE00085,Pop Track 85,0.7084,0.4675,0.9495,0.0211,109.0167,-3.8759,pop,Synthetic Artist,46
SAMPLE00086,Pop Track 86,0.5937,0.5493,0.3147,0.1347,87.2416,-6.1669,pop,Synthetic Artist,63
SAMPLE00087,Pop Track 87,0.6515,0.6968,0.3825,0.4855,84.0402,-4.9034,pop,Synthetic Artist,43
SAMPLE00088,Pop Track 88,0.7077,0.8233,0.5971,0.5675,132.3714,-0.0387,pop,Synthetic Artist,27
SAMPLE00089,Pop Track 89,0.7036,0.7413,0.8722,0.1328,111.9126,-6.3797,pop,Synthetic Artist,21
SAMPLE00090,Pop Track 90,0.7298,0.3063,0.3055,0.581,104.886,-10.1579,pop,Synthetic Artist,54
SAMPLE00091,Pop Track 91,0.6382,0.6957,0.5998,0.2071,118.1871,-5.3705,pop,Synthetic Artist,51
SAMPLE00092,Pop Track 92,0.5992,0.6608,0.9143,0.5507,135.4885,-5.5572,pop,Synthetic Artist,40
SAMPLE00093,Pop Track 93,0.6404,0.7121,0.2196,0.1813,121.968,-7.1809,pop,Synthetic Artist,42
SAMPLE00094,Pop Track 94,0.4475,0.8924,0.2938,0.2262,103.5668,-7.1102,pop,Synthetic Artist,57
SAMPLE00095,Pop Track 95,0.4763,0.3405,0.4653,0.2731,144.9784,-3.7372,pop,Synthetic Artist,75
SAMPLE00096,Pop Track 96,0.4913,0.5613,0.4459,0.8358,152.7421,-6.3783,pop,Synthetic Artist,36
SAMPLE00097,Pop Track 97,0.5303,0.7386,0.7125,0.3703,128.8802,-7.4328,pop,Synthetic Artist,52
SAMPLE00098,Pop Track 98,0.698,0.4128,0.5983,0.0585,139.4206,-6.0916,pop,Synthetic Artist,67
SAMPLE00099,Pop Track 99,0.5413,0.8714,0.195,0.3938,145.3231,-5.3899,pop,Synthetic Artist,36
SAMPLE00100,Pop Track 100,0.6046,0.7053,0.6531,0.1276,142.8622,-6.6742,pop,Synthetic Artist,50
SAMPLE00101,Pop Track 101,0.8059,0.777,0.4345,0.102,131.5102,-4.6135,pop,Synthetic Artist,49
SAMPLE00102,Pop Track 102,0.6072,0.5644,0.8049,0.3817,131.1636,-9.5976,pop,Synthetic Artist,26
SAMPLE00103,Pop Track 103,0.7385,0.7721,0.4245,0.2062,129.4325,-5.0624,pop,Synthetic Artist,53
SAMPLE00104,Pop Track 104,0.538,0.8103,0.4227,0.2557,93.8586,-1.7125,pop,Synthetic Artist,51
SAMPLE00105,Pop Track 105,0.6253,0.6849,0.6582,0.2028,133.4159,-5.3581,pop,Synthetic Artist,60
SAMPLE00106,Pop Track 106,0.536,0.6852,0.7026,0.2673,88.1721,-7.0415,pop,Synthetic Artist,29
SAMPLE00107,Pop Track 107,0.6093,0.6906,0.6396,0.285,100.5188,-7.2709,pop,Synthetic Artist,50
SAMPLE00108,Pop Track 108,0.7508,0.5205,0.2129,0.0,146.6784,-8.0977,pop,Synthetic Artist,75
SAMPLE00109,Pop Track 109,0.4427,0.6279,0.6576,0.3333,136.4848,-7.1407,pop,Synthetic Artist,87
SAMPLE00110,Pop Track 110,0.7021,0.6271,0.3431,0.0036,150.7228,-7.3929,pop,Synthetic Artist,73
SAMPLE00111,Pop Track 111,0.6785,0.7075,0.5971,0.0,112.0232,-4.3223,pop,Synthetic Artist,29
SAMPLE00112,Pop Track 112,0.5787,0.8,0.2653,0.1883,92.6505,-9.0666,pop,Synthetic Artist,58
SAMPLE00113,Pop Track 113,0.4765,0.4912,0.6393,0.2168,112.7104,-5.7287,pop,Synthetic Artist,41
SAMPLE00114,Pop Track 114,0.6587,0.6312,0.3887,0.0613,120.2447,-7.3719,pop,Synthetic Artist,55
SAMPLE00115,Pop Track 115,0.5865,0.8722,0.2935,0.3662,119.7378,-4.4128,pop,Synthetic Artist,36
SAMPLE00116,Pop Track 116,0.6779,0.5385,0.6928,0.0,142.941,-9.4232,pop,Synthetic Artist,19
SAMPLE00117,Pop Track 117,0.6526,0.5267,0.5983,0.1186,110.0521,-4.5828,pop,Synthetic Artist,44
SAMPLE00118,Pop Track 118,0.8422,0.6803,0.4272,0.083,125.7448,-3.8267,pop,Synthetic Artist,63
SAMPLE00119,Pop Track 119,0.6213,0.7767,0.8402,0.1907,96.2502,-3.8209,pop,Synthetic Artist,55
SAMPLE00120,Pop Track 120,0.5272,0.6517,0.4619,0.2558,127.907,-9.5192,pop,Synthetic Artist,57
SAMPLE00121,Pop Track 121,0.6715,0.8493,0.5564,0.0,118.0684,-3.6457,pop,Synthetic Artist,54
SAMPLE00122,Pop Track 122,0.6764,0.7785,0.6038,0.3449,101.5041,-4.9192,pop,Synthetic Artist,57
SAMPLE00123,Pop Track 123,0.8131,0.7763,0.4261,0.2126,112.8118,-8.9529,pop,Synthetic Artist,60
SAMPLE00124,Pop Track 124,0.7502,0.7331,0.6442,0.0,113.9481,-6.0499,pop,Synthetic Artist,45
SAMPLE00125,Pop Track 125,0.6928,0.9991,0.4433,0.0,112.0566,-3.676,pop,Synthetic Artist,51
SAMPLE00126,Pop Track 126,0.8256,0.6192,0.4677,0.1975,156.9695,-5.5725,pop,Synthetic Artist,81
SAMPLE00127,Pop Track 127,0.5073,0.3495,0.8225,0.1558,115.8342,-7.9486,pop,Synthetic Artist,53
SAMPLE00128,Pop Track 128,0.5732,0.8906,0.3419,0.1793,112.6343,-4.4737,pop,Synthetic Artist,51
SAMPLE00129,Pop Track 129,0.5388,0.5813,0.0674,0.1944,71.8561,-3.9647,pop,Synthetic Artist,52
SAMPLE00130,Pop Track 130,0.6032,0.6662,0.8722,0.2451,98.3274,-3.9508,pop,Synthetic Artist,46
SAMPLE00131,Pop Track 131,0.4848,0.8464,1.0,0.3895,112.2124,-11.0555,pop,Synthetic Artist,42
SAMPLE00132,Pop Track 132,0.7262,0.4097,0.4689,0.0,102.9112,-8.5769,pop,Synthetic Artist,54
SAMPLE00133,Pop Track 133,0.6233,0.4623,0.1626,0.0,148.3976,-7.9558,pop,Synthetic Artist,41
SAMPLE00134,Pop Track 134,0.4735,0.4098,0.4879,0.0,114.3714,-11.4453,pop,Synthetic Artist,47
SAMPLE00135,Pop Track 135,0.5281,0.5309,0.4928,0.2578,146.3458,-7.0264,pop,Synthetic Artist,36
SAMPLE00136,Pop Track 136,0.6876,0.7159,0.512,0.449,119.3575,-3.6068,pop,Synthetic Artist,52
SAMPLE00137,Pop Track 137,0.7506,0.7286,0.3273,0.1137,118.819,-8.2014,pop,Synthetic Artist,61
SAMPLE00138,Pop Track 138,0.8896,0.6914,0.6659,0.0,116.0465,-5.5786,pop,Synthetic Artist,46
SAMPLE00139,Pop Track 139,0.9997,0.4381,0.6549,0.0,118.0835,-9.6031,pop,Synthetic Artist,14
SAMPLE00140,Pop Track 140,0.6997,0.3035,0.2511,0.0334,155.8135,-9.9229,pop,Synthetic Artist,61
SAMPLE00141,Pop Track 141,0.5313,0.6582,0.6898,0.0885,66.9686,-3.4963,pop,Synthetic Artist,52
SAMPLE00142,Pop Track 142,0.3942,0.5792,0.9605,0.1183,73.966,-8.0097,pop,Synthetic Artist,32
SAMPLE00143,Pop Track 143,0.6821,0.7189,0.5844,0.2077,106.0502,-5.1621,pop,Synthetic Artist,64
SAMPLE00144,Pop Track 144,0.5524,0.7553,0.4825,0.1377,118.3196,-9.6107,pop,Synthetic Artist,25
SAMPLE00145,Pop Track 145,0.6002,0.6707,0.5216,0.4099,133.1823,-2.6509,pop,Synthetic Artist,69
SAMPLE00146,Pop Track 146,0.5765,0.764,0.6731,0.0648,128.4079,-4.6106,pop,Synthetic Artist,49
SAMPLE00147,Pop Track 147,0.6331,0.6844,0.2039,0.0275,109.5466,-6.6587,pop,Synthetic Artist,9
SAMPLE00148,Pop Track 148,0.7779,0.7295,0.5829,0.2958,140.419,-4.8718,pop,Synthetic Artist,53
SAMPLE00149,Pop Track 149,0.6688,0.5443,0.4719,0.0,140.6643,-9.9538,pop,Synthetic Artist,43
SAMPLE00150,Pop Track 150,0.631,0.6231,0.9196,0.2779,122.0493,-4.2966,pop,Synthetic Artist,40
SAMPLE00151,Pop Track 151,0.5257,0.6795,0.5152,0.2205,139.1785,-6.9709,pop,Synthetic Artist,37
SAMPLE00152,Pop Track 152,0.449,0.7731,0.8836,0.1705,123.9982,-6.1697,pop,Synthetic Artist,48
SAMPLE00153,Pop Track 153,0.5916,0.5909,0.3293,0.5177,105.6474,-7.8377,pop,Synthetic Artist,41
SAMPLE00154,Pop Track 154,0.6435,0.7282,0.6675,0.0756,133.352,-7.1923,pop,Synthetic Artist,17
SAMPLE00155,Pop Track 155,0.8622,0.6101,0.6139,0.6121,120.4335,-5.3499,pop,Synthetic Artist,73
SAMPLE00156,Pop Track 156,0.6656,0.6324,0.3762,0.1549,118.0295,-6.094,pop,Synthetic Artist,46
SAMPLE00157,Pop Track 157,0.7679,0.7744,0.5855,0.0,150.405,-4.4499,pop,Synthetic Artist,37
SAMPLE00158,Pop Track 158,0.5901,0.351,0.7925,0.214,64.0808,-8.3113,pop,Synthetic Artist,30
SAMPLE00159,Pop Track 159,0.5078,0.4555,0.4852,0.0,86.8109,-6.6404,pop,Synthetic Artist,64
SAMPLE00160,Pop Track 160,0.5342,0.4277,0.2116,0.0496,91.8845,-8.6717,pop,Synthetic Artist,27
SAMPLE00161,Pop Track 161,0.563,0.3,0.5465,0.2794,110.0083,-4.1408,pop,Synthetic Artist,52
SAMPLE00162,Pop Track 162,0.9054,0.5483,0.3695,0.3111,112.3986,-10.2463,pop,Synthetic Artist,39
SAMPLE00163,Pop Track 163,0.5514,0.7624,0.4815,0.0756,84.8388,-3.3036,pop,Synthetic Artist,41
SAMPLE00164,Pop Track 164,0.7506,0.6073,0.5337,0.3975,96.3265,-4.0206,pop,Synthetic Artist,30
SAMPLE00165,Pop Track 165,0.5416,0.6797,0.2089,0.4315,99.0615,-8.0263,pop,Synthetic Artist,39
SAMPLE00166,Pop Track 166,0.7618,0.8134,0.2269,0.4873,172.0633,-1.0612,pop,Synthetic Artist,50
SAMPLE00167,Pop Track 167,0.6962,0.8492,0.6464,0.3059,157.6383,-3.3141,pop,Synthetic Artist,54
SAMPLE00168,Pop Track 168,0.6312,0.6396,0.4455,0.4727,108.9415,-4.6199,pop,Synthetic Artist,36
SAMPLE00169,Pop Track 169,0.6451,0.853,0.0371,0.0,110.0012,-5.2257,pop,Synthetic Artist,48
SAMPLE00170,Pop Track 170,0.5714,0.6638,0.707,0.1364,92.7175,-6.8515,pop,Synthetic Artist,66
SAMPLE00171,Pop Track 171,0.7035,0.5244,0.6045,0.0266,76.0211,-7.6725,pop,Synthetic Artist,20
SAMPLE00172,Pop Track 172,0.5954,0.5608,0.4072,0.2238,115.4286,-6.2539,pop,Synthetic Artist,50
SAMPLE00173,Pop Track 173,0.5029,0.4279,0.2866,0.0857,96.0473,-5.0301,pop,Synthetic Artist,33
SAMPLE00174,Pop Track 174,0.4966,0.5168,0.7172,0.1668,116.1333,-6.9367,pop,Synthetic Artist,31
SAMPLE00175,Pop Track 175,0.6707,0.5963,0.6199,0.5764,82.7955,-8.6451,pop,Synthetic Artist,55
SAMPLE00176,Pop Track 176,0.8395,0.7705,1.0,0.1661,101.2366,-4.1279,pop,Synthetic Artist,40
SAMPLE00177,Pop Track 177,0.6692,0.9081,0.634,0.2828,121.2698,-3.109,pop,Synthetic Artist,28
SAMPLE00178,Pop Track 178,0.6358,0.4427,0.6275,0.1535,126.0566,-6.4346,pop,Synthetic Artist,74
SAMPLE00179,Pop Track 179,0.6843,0.7089,0.5166,0.2151,127.1844,-4.6555,pop,Synthetic Artist,67
SAMPLE00180,Pop Track 180,0.8067,0.4939,0.7134,0.2012,88.9492,-7.9783,pop,Synthetic Artist,15
SAMPLE00181,Pop Track 181,0.6763,0.7212,0.675,0.2897,136.8031,-7.9308,pop,Synthetic Artist,23
SAMPLE00182,Pop Track 182,0.6007,0.6303,0.8003,0.4331,100.3953,-8.3544,pop,Synthetic Artist,61
SAMPLE00183,Pop Track 183,0.7828,0.3754,0.4457,0.5295,131.9229,-11.4187,pop,Synthetic Artist,45
SAMPLE00184,Pop Track 184,0.7015,0.7892,0.4629,0.2619,117.7659,-5.1906,pop,Synthetic Artist,77
SAMPLE00185,Pop Track 185,0.8343,0.5592,0.4542,0.3179,87.7195,-7.2114,pop,Synthetic Artist,61
SAMPLE00186,Pop Track 186,0.672,0.5699,0.7082,0.0,111.0437,-7.8605,pop,Synthetic Artist,55
SAMPLE00187,Pop Track 187,0.5031,0.4895,0.8497,0.1824,126.038,-13.374,pop,Synthetic Artist,32
SAMPLE00188,Pop Track 188,0.4858,0.5519,0.4582,0.3881,131.4852,-9.5835,pop,Synthetic Artist,59
SAMPLE00189,Pop Track 189,0.8481,0.7142,0.465,0.3732,114.8983,-3.8732,pop,Synthetic Artist,27
SAMPLE00190,Pop Track 190,0.8568,0.6216,0.6128,0.2423,151.6991,-7.9996,pop,Synthetic Artist,73
SAMPLE00191,Pop Track 191,0.6285,0.6993,0.5008,0.3773,140.1652,-5.483,pop,Synthetic Artist,58
SAMPLE00192,Pop Track 192,0.604,0.7043,0.7404,0.2982,112.3536,-8.9556,pop,Synthetic Artist,35
SAMPLE00193,Pop Track 193,0.8254,0.8481,0.0996,0.4401,134.5027,-2.434,pop,Synthetic Artist,64
SAMPLE00194,Pop Track 194,0.5172,0.5986,0.3847,0.2579,160.5435,-7.0966,pop,Synthetic Artist,90
SAMPLE00195,Pop Track 195,0.5426,0.4285,0.3935,0.1289,161.1307,-7.2491,pop,Synthetic Artist,46
SAMPLE00196,Pop Track 196,0.7272,0.8101,0.0859,0.2672,90.984,-0.8879,pop,Synthetic Artist,60
SAMPLE00197,Pop Track 197,0.6026,0.6003,0.3573,0.0,97.6163,-3.7655,pop,Synthetic Artist,42
SAMPLE00198,Pop Track 198,0.6494,0.8172,0.367,0.2766,150.6682,-6.11,pop,Synthetic Artist,52
SAMPLE00199,Pop Track 199,0.6304,0.7075,0.5098,0.0,94.7178,-7.3414,pop,Synthetic Artist,23
SAMPLE00200,Pop Track 200,0.6905,0.6303,0.7726,0.0,88.9041,-7.2691,pop,Synthetic Artist,50
SAMPLE00201,Pop Track 201,0.8189,0.7023,0.501,0.2904,107.3037,-5.1663,pop,Synthetic Artist,51
SAMPLE00202,Pop Track 202,0.6609,0.9427,0.3438,0.2955,127.245,-4.9545,pop,Synthetic Artist,82
SAMPLE00203,Pop Track 203,0.7273,0.9615,0.5386,0.0,115.7473,-5.4212,pop,Synthetic Artist,18
SAMPLE00204,Pop Track 204,0.404,0.6604,0.7598,0.0576,103.6876,-3.5032,pop,Synthetic Artist,45
SAMPLE00205,Pop Track 205,0.6442,0.674,0.3548,0.4741,103.1673,-6.5842,pop,Synthetic Artist,73
SAMPLE00206,Pop Track 206,0.5488,0.8114,0.3679,0.1032,102.3286,-0.9322,pop,Synthetic Artist,46
SAMPLE00207,Pop Track 207,0.5037,0.5232,0.6617,0.6486,98.6508,-7.0796,pop,Synthetic Artist,47
SAMPLE00208,Pop Track 208,0.5446,0.7,0.5057,0.1996,168.1959,-2.6296,pop,Synthetic Artist,35
SAMPLE00209,Pop Track 209,0.6099,0.6461,0.6795,0.2816,124.5452,-5.8086,pop,Synthetic Artist,33
SAMPLE00210,Pop Track 210,0.7599,0.6971,0.5473,0.5234,137.5087,-4.2916,pop,Synthetic Artist,17
SAMPLE00211,Pop Track 211,0.4908,0.525,0.6903,0.2262,107.2403,-8.6993,pop,Synthetic Artist,39
SAMPLE00212,Pop Track 212,0.6537,0.4116,0.343,0.0,113.909,-9.6381,pop,Synthetic Artist,32
SAMPLE00213,Pop Track 213,0.5919,0.3391,0.5476,0.1781,102.3018,-7.4463,pop,Synthetic Artist,52
SAMPLE00214,Pop Track 214,0.6107,0.4824,0.5079,0.1929,59.6624,-5.5285,pop,Synthetic Artist,36
SAMPLE00215,Pop Track 215,0.7703,0.5812,0.3068,0.0,87.6838,-6.8323,pop,Synthetic Artist,41
SAMPLE00216,Pop Track 216,0.7146,0.606,0.2373,0.1488,78.1664,-9.3367,pop,Synthetic Artist,42
SAMPLE00217,Pop Track 217,0.8105,0.9406,0.6871,0.0516,68.5048,-7.477,pop,Synthetic Artist,49
SAMPLE00218,Pop Track 218,0.6315,0.8159,0.4798,0.3849,91.7021,-8.3589,pop,Synthetic Artist,40
SAMPLE00219,Pop Track 219,0.5665,0.5057,0.3455,0.2069,147.149,-10.9011,pop,Synthetic Artist,31
SAMPLE00220,Pop Track 220,0.6231,0.7022,0.5308,0.1434,117.0224,-5.9681,pop,Synthetic Artist,52
SAMPLE00221,Pop Track 221,0.6791,0.5889,0.7756,0.1788,146.3924,-4.6163,pop,Synthetic Artist,69
SAMPLE00222,Pop Track 222,0.6712,0.6073,0.0939,0.2446,127.0416,-6.7828,pop,Synthetic Artist,52
SAMPLE00223,Pop Track 223,0.5199,0.6778,0.2507,0.3234,135.2163,-10.854,pop,Synthetic Artist,39
SAMPLE00224,Pop Track 224,0.6609,0.7429,0.3654,0.0001,98.1803,-6.3243,pop,Synthetic Artist,48
SAMPLE00225,Pop Track 225,0.6774,0.5991,0.8422,0.0,129.5269,-7.1309,pop,Synthetic Artist,13
SAMPLE00226,Pop Track 226,0.9521,0.8096,0.6065,0.4209,134.0317,-1.3505,pop,Synthetic Artist,47
SAMPLE00227,Pop Track 227,0.8752,0.4787,0.7035,0.1175,105.3138,-10.442,pop,Synthetic Artist,43
SAMPLE00228,Pop Track 228,0.5476,0.651,0.322,0.0,130.3099,-7.2757,pop,Synthetic Artist,33
SAMPLE00229,Pop Track 229,0.6155,1.0,0.3261,0.2888,130.4561,-0.9883,pop,Synthetic Artist,36
SAMPLE00230,Pop Track 230,0.4744,0.6835,0.6396,0.2927,105.9098,-5.3993,pop,Synthetic Artist,43
SAMPLE00231,Pop Track 231,0.5791,0.865,0.5617,0.0,93.2991,-4.0835,pop,Synthetic Artist,68
SAMPLE00232,Pop Track 232,0.6879,0.6637,0.6597,0.2459,91.9492,-6.1885,pop,Synthetic Artist,70
SAMPLE00233,Pop Track 233,0.7947,0.7371,0.5125,0.3471,119.9031,-5.3174,pop,Synthetic Artist,33
SAMPLE00234,Pop Track 234,0.5625,0.6415,0.6056,0.2749,125.1942,-4.9959,pop,Synthetic Artist,41
SAMPLE00235,Pop Track 235,0.5715,0.6244,0.5816,0.3264,100.5644,-8.2723,pop,Synthetic Artist,41
SAMPLE00236,Pop Track 236,0.3923,0.5331,0.7056,0.0,118.5849,-5.4454,pop,Synthetic Artist,65
SAMPLE00237,Pop Track 237,0.6305,0.7145,0.7114,0.2662,130.5518,-8.8587,pop,Synthetic Artist,53
SAMPLE00238,Pop Track 238,0.5225,0.5223,0.226,0.1395,131.6002,-6.6096,pop,Synthetic Artist,52
SAMPLE00239,Pop Track 239,0.5865,0.7498,0.1005,0.1034,152.1414,-5.5435,pop,Synthetic Artist,60
SAMPLE00240,Pop Track 240,0.5448,0.8128,0.7503,0.3741,146.0936,-6.7558,pop,Synthetic Artist,39
SAMPLE00241,Pop Track 241,0.6387,0.705,0.7875,0.4959,95.9716,-6.2155,pop,Synthetic Artist,75
SAMPLE00242,Pop Track 242,0.4391,0.6071,0.3459,0.5589,155.0389,-8.0027,pop,Synthetic Artist,50
SAMPLE00243,Pop Track 243,0.474,0.7181,0.178,0.463,106.3185,-8.2348,pop,Synthetic Artist,35
SAMPLE00244,Pop Track 244,0.9055,0.6037,0.5698,0.1781,140.9872,-7.485,pop,Synthetic Artist,46
SAMPLE00245,Pop Track 245,0.4955,0.7903,0.7362,0.2705,119.4957,-7.866,pop,Synthetic Artist,72
SAMPLE00246,Pop Track 246,0.5184,0.3753,0.9095,0.3534,108.9327,-7.5027,pop,Synthetic Artist,42
SAMPLE00247,Pop Track 247,0.8704,0.5997,0.6533,0.2242,78.2307,-9.1022,pop,Synthetic Artist,67
SAMPLE00248,Pop Track 248,0.9986,0.3514,0.4757,0.2262,114.2256,-6.8678,pop,Synthetic Artist,39
SAMPLE00249,Pop Track 249,0.5094,0.4257,0.3714,0.3648,83.6936,-10.2085,pop,Synthetic Artist,36
SAMPLE00250,Hip-Hop Track 250,0.6934,0.5416,0.4096,0.0,136.5923,-6.5893,hip-hop,Synthetic Artist,62
SAMPLE00251,Hip-Hop Track 251,0.6875,0.5633,0.3668,0.1356,127.4674,-8.1859,hip-hop,Synthetic Artist,34
SAMPLE00252,Hip-Hop Track 252,0.8825,0.5581,0.5868,0.2648,150.2601,-10.9133,hip-hop,Synthetic Artist,65
SAMPLE00253,Hip-Hop Track 253,0.783,0.5708,0.5504,0.0,134.5336,-7.0246,hip-hop,Synthetic Artist,56
SAMPLE00254,Hip-Hop Track 254,0.7288,0.8039,0.219,0.3257,156.5318,-3.5029,hip-hop,Synthetic Artist,34
SAMPLE00255,Hip-Hop Track 255,0.7999,0.738,0.7245,0.0,147.5827,-8.9065,hip-hop,Synthetic Artist,49
SAMPLE00256,Hip-Hop Track 256,0.5393,0.8894,0.4812,0.2064,165.651,-3.9584,hip-hop,Synthetic Artist,40
SAMPLE00257,Hip-Hop Track 257,0.7457,0.9675,0.2778,0.1919,130.7639,-4.1658,hip-hop,Synthetic Artist,56
SAMPLE00258,Hip-Hop Track 258,0.9498,0.5057,0.7378,0.3344,147.1578,-6.0155,hip-hop,Synthetic Artist,84
SAMPLE00259,Hip-Hop Track 259,0.7632,0.6599,0.6251,0.2437,110.7862,-4.8225,hip-hop,Synthetic Artist,43
SAMPLE00260,Hip-Hop Track 260,0.7568,0.4853,0.2471,0.0,101.9562,-9.3158,hip-hop,Synthetic Artist,60
SAMPLE00261,Hip-Hop Track 261,0.8048,0.5411,0.8554,0.0166,171.203,-11.0105,hip-hop,Synthetic Artist,50
SAMPLE00262,Hip-Hop Track 262,0.8396,0.5618,0.6318,0.1735,126.4861,-8.503,hip-hop,Synthetic Artist,50
SAMPLE00263,Hip-Hop Track 263,0.5503,0.502,0.498,0.1169,144.1464,-5.7319,hip-hop,Synthetic Artist,47
SAMPLE00264,Hip-Hop Track 264,0.5818,0.5027,0.818,0.2312,123.7122,-8.876,hip-hop,Synthetic Artist,35
SAMPLE00265,Hip-Hop Track 265,0.771,0.6298,0.5319,0.2842,102.4045,-8.4481,hip-hop,Synthetic Artist,56
SAMPLE00266,Hip-Hop Track 266,0.6785,0.4797,0.4944,0.2534,120.3295,-11.829,hip-hop,Synthetic Artist,45
SAMPLE00267,Hip-Hop Track 267,0.8812,0.7679,0.3679,0.1136,163.0798,-2.2368,hip-hop,Synthetic Artist,34
SAMPLE00268,Hip-Hop Track 268,0.7185,0.5215,0.6164,0.0,136.6572,-5.7543,hip-hop,Synthetic Artist,68
SAMPLE00269,Hip-Hop Track 269,0.5565,1.0,0.5953,0.0726,68.6558,-3.0062,hip-hop,Synthetic Artist,52
SAMPLE00270,Hip-Hop Track 270,0.6232,0.5868,0.5029,0.2208,113.5427,-5.0502,hip-hop,Synthetic Artist,46
SAMPLE00271,Hip-Hop Track 271,0.475,0.6601,0.342,0.0,173.4688,-5.4707,hip-hop,Synthetic Artist,74
SAMPLE00272,Hip-Hop Track 272,0.7266,0.4687,0.526,0.2573,113.5861,-8.4256,hip-hop,Synthetic Artist,17
SAMPLE00273,Hip-Hop Track 273,0.7312,0.8889,0.486,0.3044,65.9856,-5.7272,hip-hop,Synthetic Artist,73
SAMPLE00274,Hip-Hop Track 274,0.7076,0.8067,0.2333,0.1716,176.7915,-6.8003,hip-hop,Synthetic Artist,34
SAMPLE00275,Hip-Hop Track 275,0.8579,0.6916,0.2056,0.0,140.4718,-0.7542,hip-hop,Synthetic Artist,54
SAMPLE00276,Hip-Hop Track 276,0.8699,0.4614,0.613,0.0,117.8996,-6.7083,hip-hop,Synthetic Artist,39
SAMPLE00277,Hip-Hop Track 277,0.733,0.6795,0.0,0.4707,108.8575,-7.6434,hip-hop,Synthetic Artist,33
SAMPLE00278,Hip-Hop Track 278,0.5365,0.493,0.5411,0.0571,152.4706,-6.7179,hip-hop,Synthetic Artist,74
SAMPLE00279,Hip-Hop Track 279,0.8117,0.8547,0.4044,0.0,103.7405,-7.7955,hip-hop,Synthetic Artist,83
SAMPLE00280,Hip-Hop Track 280,0.8055,0.7633,0.7616,0.36,154.4477,-2.8104,hip-hop,Synthetic Artist,46
SAMPLE00281,Hip-Hop Track 281,0.7809,0.6634,0.4013,0.1523,136.2659,-8.1742,hip-hop,Synthetic Artist,56
SAMPLE00282,Hip-Hop Track 282,0.8481,0.3089,0.6319,0.3378,127.3405,-7.7442,hip-hop,Synthetic Artist,51
SAMPLE00283,Hip-Hop Track 283,0.6335,0.5123,0.4206,0.1971,124.3654,-5.2809,hip-hop,Synthetic Artist,81
SAMPLE00284,Hip-Hop Track 284,0.9509,0.7463,0.5227,0.228,114.751,-5.3758,hip-hop,Synthetic Artist,12
SAMPLE00285,Hip-Hop Track 285,0.6541,0.8198,0.6474,0.2117,151.3692,-5.5733,hip-hop,Synthetic Artist,57
SAMPLE00286,Hip-Hop Track 286,0.8249,0.8053,0.4075,0.2686,94.0397,-5.8445,hip-hop,Synthetic Artist,37
SAMPLE00287,Hip-Hop Track 287,0.5813,0.4271,0.6993,0.5372,71.3422,-8.2615,hip-hop,Synthetic Artist,8
SAMPLE00288,Hip-Hop Track 288,0.657,0.6922,0.3013,0.3151,138.4332,-7.8154,hip-hop,Synthetic Artist,44
SAMPLE00289,Hip-Hop Track 289,0.9016,0.7922,0.5589,0.0,138.9371,-6.9358,hip-hop,Synthetic Artist,83
SAMPLE00290,Hip-Hop Track 290,0.7239,0.4178,0.6845,0.2259,134.4072,-4.9379,hip-hop,Synthetic Artist,38
SAMPLE00291,Hip-Hop Track 291,0.834,0.6489,0.632,0.3441,132.2319,-7.0454,hip-hop,Synthetic Artist,64
SAMPLE00292,Hip-Hop Track 292,0.7737,0.6883,0.8833,0.3545,110.3838,-8.2987,hip-hop,Synthetic Artist,72
SAMPLE00293,Hip-Hop Track 293,0.7395,0.6079,0.3473,0.0775,143.6245,-8.1885,hip-hop,Synthetic Artist,50
SAMPLE00294,Hip-Hop Track 294,0.8864,0.3907,0.2242,0.348,118.6333,-5.935,hip-hop,Synthetic Artist,52
SAMPLE00295,Hip-Hop Track 295,0.7263,0.6044,0.3011,0.3077,105.3866,-5.5873,hip-hop,Synthetic Artist,19
SAMPLE00296,Hip-Hop Track 296,0.5719,0.6042,0.6321,0.5873,110.6433,-5.8422,hip-hop,Synthetic Artist,37
SAMPLE00297,Hip-Hop Track 297,0.6697,0.6293,0.5996,0.0225,180.6192,-7.4909,hip-hop,Synthetic Artist,66
SAMPLE00298,Hip-Hop Track 298,0.8051,0.5711,0.5205,0.0637,67.9507,-6.0119,hip-hop,Synthetic Artist,51
SAMPLE00299,Hip-Hop Track 299,0.7896,0.588,0.2754,0.098,134.9936,-8.588,hip-hop,Synthetic Artist,57
SAMPLE00300,Hip-Hop Track 300,0.5933,0.6444,0.6534,0.0667,69.6267,-7.4045,hip-hop,Synthetic Artist,52
SAMPLE00301,Hip-Hop Track 301,0.6776,0.7119,0.2551,0.0,116.753,-4.2948,hip-hop,Synthetic Artist,89
SAMPLE00302,Hip-Hop Track 302,0.6918,0.6074,0.7318,0.0,106.9912,-5.1323,hip-hop,Synthetic Artist,42
SAMPLE00303,Hip-Hop Track 303,0.7135,0.5926,1.0,0.0761,57.4492,-9.3043,hip-hop,Synthetic Artist,79
SAMPLE00304,Hip-Hop Track 304,0.6124,0.6629,0.5733,0.2128,131.6711,-8.6046,hip-hop,Synthetic Artist,52
SAMPLE00305,Hip-Hop Track 305,0.6872,0.3811,0.6166,0.0662,108.5989,-8.1744,hip-hop,Synthetic Artist,80
SAMPLE00306,Hip-Hop Track 306,0.6771,0.7168,0.4014,0.479,57.0238,-2.6018,hip-hop,Synthetic Artist,28
SAMPLE00307,Hip-Hop Track 307,0.8272,0.6499,0.138,0.1523,145.187,-11.0147,hip-hop,Synthetic Artist,53
SAMPLE00308,Hip-Hop Track 308,0.8309,0.6556,0.3795,0.3695,163.0502,-6.1543,hip-hop,Synthetic Artist,43
SAMPLE00309,Hip-Hop Track 309,0.7354,0.7845,0.2814,0.1944,164.7037,-9.0203,hip-hop,Synthetic Artist,53
SAMPLE00310,Hip-Hop Track 310,0.7108,0.3766,0.2106,0.2905,130.7687,-9.8359,hip-hop,Synthetic Artist,72
SAMPLE00311,Hip-Hop Track 311,0.764,0.3737,0.8445,0.1975,121.3817,-9.2598,hip-hop,Synthetic Artist,57
SAMPLE00312,Hip-Hop Track 312,0.6683,0.6883,0.5546,0.3827,159.8447,-7.4951,hip-hop,Synthetic Artist,72
SAMPLE00313,Hip-Hop Track 313,0.6353,0.649,0.5759,0.1595,170.4715,-7.9803,hip-hop,Synthetic Artist,38
SAMPLE00314,Hip-Hop Track 314,0.656,0.6738,0.4382,0.2343,154.0071,-6.6412,hip-hop,Synthetic Artist,35
SAMPLE00315,Hip-Hop Track 315,0.6865,0.5853,0.4654,0.2123,91.7539,-8.3657,hip-hop,Synthetic Artist,50
SAMPLE00316,Hip-Hop Track 316,0.6337,0.743,0.6929,0.101,126.0403,-9.4593,hip-hop,Synthetic Artist,49
SAMPLE00317,Hip-Hop Track 317,0.7662,0.7806,0.4935,0.2188,133.1855,-4.3009,hip-hop,Synthetic Artist,47
SAMPLE00318,Hip-Hop Track 318,0.823,0.7178,0.6061,0.5298,65.7115,-4.7371,hip-hop,Synthetic Artist,33
SAMPLE00319,Hip-Hop Track 319,0.5913,0.6135,0.4608,0.104,134.0808,-5.1641,hip-hop,Synthetic Artist,72
SAMPLE00320,Hip-Hop Track 320,0.7525,0.3549,0.4316,0.2213,188.1898,-11.9601,hip-hop,Synthetic Artist,43
SAMPLE00321,Hip-Hop Track 321,0.728,0.7577,0.2186,0.3638,139.1981,-5.4962,hip-hop,Synthetic Artist,76
SAMPLE00322,Hip-Hop Track 322,0.7842,0.821,0.1045,0.3438,164.2024,-4.2866,hip-hop,Synthetic Artist,50
SAMPLE00323,Hip-Hop Track 323,0.7487,0.7402,0.4477,0.152,125.4874,-8.5272,hip-hop,Synthetic Artist,62
SAMPLE00324,Hip-Hop Track 324,0.6046,0.5269,0.5113,0.0,117.8035,-7.5187,hip-hop,Synthetic Artist,60
SAMPLE00325,Hip-Hop Track 325,0.6238,0.7443,0.2428,0.2378,131.4381,-6.4898,hip-hop,Synthetic Artist,35
SAMPLE00326,Hip-Hop Track 326,0.7529,0.7705,0.4931,0.0,95.5252,-2.0244,hip-hop,Synthetic Artist,57
SAMPLE00327,Hip-Hop Track 327,0.8529,0.8682,0.5108,0.3999,91.0867,-1.2567,hip-hop,Synthetic Artist,85
SAMPLE00328,Hip-Hop Track 328,0.5286,0.5273,0.0688,0.1788,157.9891,-11.1975,hip-hop,Synthetic Artist,55
SAMPLE00329,Hip-Hop Track 329,0.7846,0.6183,0.317,0.3199,161.1703,-1.5036,hip-hop,Synthetic Artist,66
SAMPLE00330,Hip-Hop Track 330,0.869,0.7546,0.5815,0.0,90.2668,-8.1858,hip-hop,Synthetic Artist,62
SAMPLE00331,Hip-Hop Track 331,0.7347,0.658,0.5774,0.0,149.04,-4.5943,hip-hop,Synthetic Artist,56
SAMPLE00332,Hip-Hop Track 332,0.805,0.4936,0.2693,0.1943,117.3912,-5.6035,hip-hop,Synthetic Artist,53
SAMPLE00333,Hip-Hop Track 333,0.6797,0.708,0.5317,0.1443,130.1943,-8.6422,hip-hop,Synthetic Artist,60
SAMPLE00334,Hip-Hop Track 334,0.7381,0.731,0.7045,0.0664,133.8066,-5.2287,hip-hop,Synthetic Artist,64
SAMPLE00335,Hip-Hop Track 335,0.5879,0.6623,0.6554,0.1644,149.8305,-6.9627,hip-hop,Synthetic Artist,26
SAMPLE00336,Hip-Hop Track 336,0.5156,0.6807,0.4809,0.6205,122.4815,-5.396,hip-hop,Synthetic Artist,54
SAMPLE00337,Hip-Hop Track 337,0.8443,0.6138,0.4064,0.2919,162.3049,-6.5098,hip-hop,Synthetic Artist,47
SAMPLE00338,Hip-Hop Track 338,0.6515,0.857,0.3741,0.3284,129.2824,-2.9263,hip-hop,Synthetic Artist,43
SAMPLE00339,Hip-Hop Track 339,0.7044,0.5239,0.5936,0.2935,138.7255,-7.3907,hip-hop,Synthetic Artist,73
SAMPLE00340,Hip-Hop Track 340,0.6114,0.5678,0.539,0.4015,95.0021,-7.6627,hip-hop,Synthetic Artist,37
SAMPLE00341,Hip-Hop Track 341,0.609,0.6515,0.6259,0.1177,184.7598,-4.3794,hip-hop,Synthetic Artist,25
SAMPLE00342,Hip-Hop Track 342,0.7326,0.7731,0.5264,0.0,134.0947,-4.7848,hip-hop,Synthetic Artist,64
SAMPLE00343,Hip-Hop Track 343,0.677,0.4404,0.6638,0.1179,141.3899,-6.4478,hip-hop,Synthetic Artist,24
SAMPLE00344,Hip-Hop Track 344,0.7878,0.4666,0.5189,0.288,71.7544,-9.3627,hip-hop,Synthetic Artist,15
SAMPLE00345,Hip-Hop Track 345,0.7953,0.3647,0.6569,0.0,95.3189,-10.8113,hip-hop,Synthetic Artist,66
SAMPLE00346,Hip-Hop Track 346,0.7821,0.6546,0.6742,0.12,157.1365,-8.0215,hip-hop,Synthetic Artist,53
SAMPLE00347,Hip-Hop Track 347,0.7739,0.4934,0.3391,0.0324,128.6067,-9.1052,hip-hop,Synthetic Artist,59
SAMPLE00348,Hip-Hop Track 348,0.9078,0.5962,0.1384,0.4053,62.5866,-5.3934,hip-hop,Synthetic Artist,42
SAMPLE00349,Hip-Hop Track 349,0.6432,0.7426,0.8087,0.2774,151.1487,-4.0973,hip-hop,Synthetic Artist,25
SAMPLE00350,Hip-Hop Track 350,0.7445,0.5602,0.5513,0.2608,103.6865,-7.6802,hip-hop,Synthetic Artist,29
SAMPLE00351,Hip-Hop Track 351,0.8633,0.6824,0.1571,0.2557,162.3395,-3.4577,hip-hop,Synthetic Artist,45
SAMPLE00352,Hip-Hop Track 352,0.8765,0.6081,0.3572,0.1437,117.3649,-4.0408,hip-hop,Synthetic Artist,27
SAMPLE00353,Hip-Hop Track 353,0.6078,0.7441,0.6544,0.1836,126.1412,-5.6999,hip-hop,Synthetic Artist,56
SAMPLE00354,Hip-Hop Track 354,0.7188,0.7165,0.4441,0.0,155.3686,-8.2091,hip-hop,Synthetic Artist,42
SAMPLE00355,Hip-Hop Track 355,0.8858,0.5531,0.3976,0.0,93.0752,-3.9154,hip-hop,Synthetic Artist,53
SAMPLE00356,Hip-Hop Track 356,0.8008,0.6264,0.7802,0.1755,90.2146,-7.0759,hip-hop,Synthetic Artist,53
SAMPLE00357,Hip-Hop Track 357,0.7695,0.7961,0.2905,0.2051,114.105,-5.6457,hip-hop,Synthetic Artist,57
SAMPLE00358,Hip-Hop Track 358,0.7282,0.7051,0.3404,0.3556,144.8152,-7.2167,hip-hop,Synthetic Artist,59
SAMPLE00359,Hip-Hop Track 359,0.7116,0.4544,0.5423,0.4171,80.0737,-9.931,hip-hop,Synthetic Artist,44
SAMPLE00360,Hip-Hop Track 360,0.7788,0.7418,0.5781,0.4169,69.959,-9.4803,hip-hop,Synthetic Artist,53
SAMPLE00361,Hip-Hop Track 361,0.7248,0.4982,0.5993,0.0,144.7116,-6.3188,hip-hop,Synthetic Artist,54
SAMPLE00362,Hip-Hop Track 362,0.7457,0.8478,0.6822,0.0901,101.9107,-7.337,hip-hop,Synthetic Artist,6
SAMPLE00363,Hip-Hop Track 363,0.7579,0.7934,0.5397,0.2317,108.2332,0.0,hip-hop,Synthetic Artist,62
SAMPLE00364,Hip-Hop Track 364,0.6822,0.6906,0.5979,0.5804,64.2957,-8.9459,hip-hop,Synthetic Artist,53
SAMPLE00365,Hip-Hop Track 365,0.8032,0.672,0.4482,0.4016,99.6306,-9.4342,hip-hop,Synthetic Artist,60
SAMPLE00366,Hip-Hop Track 366,1.0,0.6207,0.5125,0.3403,119.773,-5.8533,hip-hop,Synthetic Artist,27
SAMPLE00367,Hip-Hop Track 367,0.5723,0.745,0.5215,0.0841,147.9113,-2.8656,hip-hop,Synthetic Artist,44
SAMPLE00368,Hip-Hop Track 368,0.7824,0.5981,0.543,0.0,96.8631,-6.9694,hip-hop,Synthetic Artist,30
SAMPLE00369,Hip-Hop Track 369,0.674,0.683,0.6545,0.2841,169.7213,-5.3432,hip-hop,Synthetic Artist,63
SAMPLE00370,Hip-Hop Track 370,0.8077,0.7721,0.611,0.0,99.4633,-10.1234,hip-hop,Synthetic Artist,25
SAMPLE00371,Hip-Hop Track 371,0.7547,0.5713,0.5088,0.1095,99.5072,-8.7624,hip-hop,Synthetic Artist,33
SAMPLE00372,Hip-Hop Track 372,0.8262,0.5637,0.3382,0.1305,166.1207,-9.6796,hip-hop,Synthetic Artist,60
SAMPLE00373,Hip-Hop Track 373,0.8676,0.4828,0.5135,0.4208,126.3438,-11.9724,hip-hop,Synthetic Artist,39
SAMPLE00374,Hip-Hop Track 374,0.7692,0.501,0.4944,0.0897,103.4393,-7.4368,hip-hop,Synthetic Artist,33
SAMPLE00375,Hip-Hop Track 375,0.8632,0.394,0.5386,0.0,115.346,-13.2701,hip-hop,Synthetic Artist,66
SAMPLE00376,Hip-Hop Track 376,0.5156,0.7522,0.9413,0.2358,160.5922,-9.0958,hip-hop,Synthetic Artist,67
SAMPLE00377,Hip-Hop Track 377,0.909,0.9032,0.3952,0.0312,163.9861,-6.4623,hip-hop,Synthetic Artist,63
SAMPLE00378,Hip-Hop Track 378,0.7875,0.8495,0.5845,0.1572,95.4962,-7.4316,hip-hop,Synthetic Artist,65
SAMPLE00379,Hip-Hop Track 379,0.8578,0.4223,0.7137,0.1353,118.727,-7.2938,hip-hop,Synthetic Artist,46
SAMPLE00380,Hip-Hop Track 380,0.628,0.7515,0.5196,0.1035,122.7047,-5.5188,hip-hop,Synthetic Artist,46
SAMPLE00381,Hip-Hop Track 381,0.6669,0.8491,0.9676,0.2844,90.4128,-3.6391,hip-hop,Synthetic Artist,38
SAMPLE00382,Hip-Hop Track 382,0.7646,0.586,0.4244,0.0,118.3294,-5.5285,hip-hop,Synthetic Artist,53
SAMPLE00383,Hip-Hop Track 383,0.7483,0.6642,0.5648,0.0621,120.1597,-4.205,hip-hop,Synthetic Artist,40
SAMPLE00384,Hip-Hop Track 384,0.7783,0.3689,0.3402,0.2663,154.2063,-8.4909,hip-hop,Synthetic Artist,42
SAMPLE00385,Hip-Hop Track 385,0.8585,0.6873,0.4297,0.0456,156.2228,-5.9083,hip-hop,Synthetic Artist,61
SAMPLE00386,Hip-Hop Track 386,0.5735,0.5011,0.5498,0.0,110.1237,-6.5681,hip-hop,Synthetic Artist,71
SAMPLE00387,Hip-Hop Track 387,0.8474,0.6779,0.6693,0.2637,113.5814,-6.3207,hip-hop,Synthetic Artist,57
SAMPLE00388,Hip-Hop Track 388,0.7508,0.4314,0.5638,0.3409,139.9288,-8.9852,hip-hop,Synthetic Artist,82
SAMPLE00389,Hip-Hop Track 389,0.7296,0.726,0.7518,0.1424,102.4443,-7.0754,hip-hop,Synthetic Artist,37
SAMPLE00390,Hip-Hop Track 390,0.6029,0.7934,0.481,0.0,137.6592,-7.738,hip-hop,Synthetic Artist,17
SAMPLE00391,Hip-Hop Track 391,0.8003,0.5404,0.4336,0.27,117.3628,-6.5303,hip-hop,Synthetic Artist,63
SAMPLE00392,Hip-Hop Track 392,0.5086,0.4908,1.0,0.0,90.918,-7.9618,hip-hop,Synthetic Artist,36
SAMPLE00393,Hip-Hop Track 393,0.8148,0.3482,0.5788,0.2025,91.2949,-10.07,hip-hop,Synthetic Artist,45
SAMPLE00394,Hip-Hop Track 394,0.6008,0.6127,0.3561,0.0,163.4118,-8.4807,hip-hop,Synthetic Artist,18
SAMPLE00395,Hip-Hop Track 395,0.7553,0.5686,0.3611,0.0,115.3074,-9.9514,hip-hop,Synthetic Artist,34
SAMPLE00396,Hip-Hop Track 396,0.7381,0.4329,0.3115,0.0749,169.2106,-5.9494,hip-hop,Synthetic Artist,23
SAMPLE00397,Hip-Hop Track 397,0.867,0.7134,0.6873,0.1188,104.5909,-6.2465,hip-hop,Synthetic Artist,42
SAMPLE00398,Hip-Hop Track 398,0.7321,0.587,0.4271,0.0405,128.7362,-9.0761,hip-hop,Synthetic Artist,43
SAMPLE00399,Hip-Hop Track 399,0.6806,0.4994,0.5255,0.2501,191.7803,-5.9248,hip-hop,Synthetic Artist,52
SAMPLE00400,Hip-Hop Track 400,0.6993,0.5724,0.4873,0.0742,88.2784,-8.4988,hip-hop,Synthetic Artist,72
SAMPLE00401,Hip-Hop Track 401,0.8773,0.8,0.6463,0.3166,63.0656,-8.9944,hip-hop,Synthetic Artist,62
SAMPLE00402,Hip-Hop Track 402,0.8036,0.7344,0.3307,0.1978,158.5977,-4.0468,hip-hop,Synthetic Artist,21
SAMPLE00403,Hip-Hop Track 403,0.7114,0.6318,0.2849,0.0314,95.1957,-8.0908,hip-hop,Synthetic Artist,61
SAMPLE00404,Hip-Hop Track 404,0.7264,0.7367,0.5449,0.0028,119.3788,-7.1795,hip-hop,Synthetic Artist,52
SAMPLE00405,Hip-Hop Track 405,0.5933,0.4875,0.6202,0.0,102.4225,-7.6846,hip-hop,Synthetic Artist,48
SAMPLE00406,Hip-Hop Track 406,0.7888,0.6545,0.5665,0.1994,128.0449,-4.2591,hip-hop,Synthetic Artist,50
SAMPLE00407,Hip-Hop Track 407,0.574,0.6706,0.3381,0.0897,91.4839,-6.6322,hip-hop,Synthetic Artist,54
SAMPLE00408,Hip-Hop Track 408,0.8252,0.5842,0.6355,0.0,114.6018,-9.8327,hip-hop,Synthetic Artist,38
SAMPLE00409,Hip-Hop Track 409,0.7629,0.711,0.3512,0.0589,133.4945,-5.2377,hip-hop,Synthetic Artist,47
SAMPLE00410,Hip-Hop Track 410,0.9887,0.5407,0.3957,0.0,89.7507,-8.5225,hip-hop,Synthetic Artist,71
SAMPLE00411,Hip-Hop Track 411,0.64,0.7214,0.3112,0.4179,98.9975,-2.2183,hip-hop,Synthetic Artist,37
SAMPLE00412,Hip-Hop Track 412,0.7397,0.7273,0.7602,0.0,109.5785,-6.3389,hip-hop,Synthetic Artist,31
SAMPLE00413,Hip-Hop Track 413,0.9298,0.2416,0.6267,0.0,77.1355,-14.1675,hip-hop,Synthetic Artist,49
SAMPLE00414,Hip-Hop Track 414,0.8691,0.8166,0.621,0.3387,107.3232,-5.0139,hip-hop,Synthetic Artist,30
SAMPLE00415,Hip-Hop Track 415,0.6804,0.2233,0.7494,0.3806,123.5639,-5.0819,hip-hop,Synthetic Artist,19
SAMPLE00416,Hip-Hop Track 416,0.7724,0.5638,1.0,0.0234,108.0135,-3.8505,hip-hop,Synthetic Artist,44
SAMPLE00417,Hip-Hop Track 417,0.7502,0.7935,0.1582,0.0425,111.8587,-1.9106,hip-hop,Synthetic Artist,76
SAMPLE00418,Hip-Hop Track 418,0.7782,0.6056,0.3523,0.2548,119.4029,-9.31,hip-hop,Synthetic Artist,49
SAMPLE00419,Hip-Hop Track 419,0.6801,0.4447,0.3768,0.0,100.3277,-6.0249,hip-hop,Synthetic Artist,53
SAMPLE00420,Hip-Hop Track 420,0.7411,0.4969,0.3298,0.0,140.7319,-9.3071,hip-hop,Synthetic Artist,12
SAMPLE00421,Hip-Hop Track 421,0.5902,0.7938,0.2845,0.1023,163.0793,-5.444,hip-hop,Synthetic Artist,58
SAMPLE00422,Hip-Hop Track 422,0.7635,0.381,0.4401,0.4135,106.0686,-11.2146,hip-hop,Synthetic Artist,52
SAMPLE00423,Hip-Hop Track 423,0.795,0.8081,0.2567,0.0759,134.5559,-7.2695,hip-hop,Synthetic Artist,38
SAMPLE00424,Hip-Hop Track 424,0.7273,0.6423,0.567,0.1672,112.8115,-8.334,hip-hop,Synthetic Artist,53
SAMPLE00425,Hip-Hop Track 425,0.5885,0.4831,0.5103,0.3427,130.9646,-5.8248,hip-hop,Synthetic Artist,53
SAMPLE00426,Hip-Hop Track 426,0.8489,0.5684,0.5962,0.5082,166.9734,-5.5282,hip-hop,Synthetic Artist,31
SAMPLE00427,Hip-Hop Track 427,0.7865,0.5076,0.6015,0.0519,135.2598,-7.0455,hip-hop,Synthetic Artist,56
SAMPLE00428,Hip-Hop Track 428,0.6774,0.7713,0.6206,0.1471,66.7976,-9.0433,hip-hop,Synthetic Artist,72
SAMPLE00429,Hip-Hop Track 429,0.7219,0.7525,0.4253,0.4597,133.6199,-6.8704,hip-hop,Synthetic Artist,46
SAMPLE00430,Hip-Hop Track 430,0.5999,0.4093,0.9242,0.0,156.9859,-9.8856,hip-hop,Synthetic Artist,34
SAMPLE00431,Hip-Hop Track 431,0.6475,0.5935,0.5469,0.3247,113.3521,-5.2257,hip-hop,Synthetic Artist,47
SAMPLE00432,Hip-Hop Track 432,0.6962,0.5292,0.1275,0.0,149.869,-4.9331,hip-hop,Synthetic Artist,65
SAMPLE00433,Hip-Hop Track 433,0.8728,0.8311,0.2995,0.1674,99.2965,-3.3894,hip-hop,Synthetic Artist,28
SAMPLE00434,Hip-Hop Track 434,0.686,0.461,0.1519,0.1088,75.4338,-9.5956,hip-hop,Synthetic Artist,60
SAMPLE00435,Hip-Hop Track 435,0.814,0.8746,0.5035,0.0,124.2351,-11.4794,hip-hop,Synthetic Artist,38
SAMPLE00436,Hip-Hop Track 436,0.6962,0.6453,0.4756,0.0,67.3057,-10.7153,hip-hop,Synthetic Artist,54
SAMPLE00437,Hip-Hop Track 437,0.7748,0.4873,0.4063,0.197,112.8069,-4.6484,hip-hop,Synthetic Artist,40
SAMPLE00438,Hip-Hop Track 438,0.7359,0.5552,0.9022,0.3192,158.6053,-8.2517,hip-hop,Synthetic Artist,40
SAMPLE00439,Hip-Hop Track 439,0.8373,0.5378,0.6098,0.1279,62.7071,-9.125,hip-hop,Synthetic Artist,77
SAMPLE00440,Hip-Hop Track 440,0.6965,0.4716,0.6452,0.1619,81.6151,-4.2568,hip-hop,Synthetic Artist,25
SAMPLE00441,Hip-Hop Track 441,0.5927,0.6633,0.3138,0.2471,89.039,-3.937,hip-hop,Synthetic Artist,59
SAMPLE00442,Hip-Hop Track 442,0.6118,0.4781,0.3002,0.0,118.1004,-7.7777,hip-hop,Synthetic Artist,81
SAMPLE00443,Hip-Hop Track 443,0.6968,0.3447,0.5074,0.2757,109.0285,-9.277,hip-hop,Synthetic Artist,62
SAMPLE00444,Hip-Hop Track 444,0.6251,0.5968,0.5346,0.2893,161.9741,-7.4096,hip-hop,Synthetic Artist,26
SAMPLE00445,Hip-Hop Track 445,0.791,0.3976,0.1287,0.5926,148.6304,-7.8146,hip-hop,Synthetic Artist,27
SAMPLE00446,Hip-Hop Track 446,0.7034,0.5447,0.4639,0.0861,134.8582,-3.9117,hip-hop,Synthetic Artist,36
SAMPLE00447,Hip-Hop Track 447,0.9875,0.5227,0.5028,0.0721,124.3689,-6.6342,hip-hop,Synthetic Artist,53
SAMPLE00448,Hip-Hop Track 448,0.5762,0.528,0.457,0.2807,131.7969,-5.9346,hip-hop,Synthetic Artist,54
SAMPLE00449,Hip-Hop Track 449,0.7704,0.9301,0.3373,0.2892,94.1405,-2.5468,hip-hop,Synthetic Artist,27
SAMPLE00450,Hip-Hop Track 450,0.6372,0.6579,0.3921,0.059,145.7163,-9.3259,hip-hop,Synthetic Artist,34
SAMPLE00451,Hip-Hop Track 451,0.7007,0.6844,0.4646,0.0815,86.6387,-4.9332,hip-hop,Synthetic Artist,35
SAMPLE00452,Hip-Hop Track 452,0.7641,0.4013,0.5182,0.242,145.0613,-8.9402,hip-hop,Synthetic Artist,47
SAMPLE00453,Hip-Hop Track 453,0.5175,0.5584,0.621,0.0093,155.5843,-12.8847,hip-hop,Synthetic Artist,86
SAMPLE00454,Hip-Hop Track 454,0.7737,0.6801,0.7162,0.0802,126.3259,-11.3011,hip-hop,Synthetic Artist,33
SAMPLE00455,Hip-Hop Track 455,0.9403,0.5066,0.4411,0.1652,114.7136,-9.9005,hip-hop,Synthetic Artist,32
SAMPLE00456,Hip-Hop Track 456,0.7047,0.7771,0.4088,0.3193,132.0093,-4.8685,hip-hop,Synthetic Artist,30
SAMPLE00457,Hip-Hop Track 457,0.776,0.4816,0.5875,0.0472,50.0,-7.5599,hip-hop,Synthetic Artist,61
SAMPLE00458,Hip-Hop Track 458,0.8525,0.6099,0.6222,0.0,129.0677,-6.6349,hip-hop,Synthetic Artist,49
SAMPLE00459,Hip-Hop Track 459,0.7336,0.568,0.4132,0.0,116.5994,-3.0002,hip-hop,Synthetic Artist,34
SAMPLE00460,Hip-Hop Track 460,0.6919,0.673,0.6581,0.0,118.4812,-9.454,hip-hop,Synthetic Artist,43
SAMPLE00461,Hip-Hop Track 461,0.5224,0.5603,0.6959,0.0,141.196,-7.3984,hip-hop,Synthetic Artist,36
SAMPLE00462,Hip-Hop Track 462,0.8141,0.6121,0.7583,0.1237,117.7569,-6.3578,hip-hop,Synthetic Artist,55
SAMPLE00463,Hip-Hop Track 463,0.7387,0.6169,0.8557,0.0,85.7938,-8.6182,hip-hop,Synthetic Artist,98
SAMPLE00464,Hip-Hop Track 464,0.6487,0.5472,0.3267,0.0305,115.7579,-7.3546,hip-hop,Synthetic Artist,60
SAMPLE00465,Hip-Hop Track 465,0.7627,0.7179,0.5028,0.0184,122.0267,-9.9124,hip-hop,Synthetic Artist,48
SAMPLE00466,Hip-Hop Track 466,0.6916,0.6834,0.5023,0.0751,123.448,-3.498,hip-hop,Synthetic Artist,38
SAMPLE00467,Hip-Hop Track 467,0.6972,0.6376,0.4804,0.3748,124.8576,-8.374,hip-hop,Synthetic Artist,26
SAMPLE00468,Hip-Hop Track 468,0.8106,0.5897,0.3701,0.2625,151.1811,-2.6925,hip-hop,Synthetic Artist,63
SAMPLE00469,Hip-Hop Track 469,0.6162,0.7615,0.2029,0.1527,87.419,-6.2023,hip-hop,Synthetic Artist,62
SAMPLE00470,Hip-Hop Track 470,0.8547,0.617,0.5185,0.0716,125.271,-4.7364,hip-hop,Synthetic Artist,42
SAMPLE00471,Hip-Hop Track 471,0.6102,0.6071,0.3463,0.0764,158.6979,-7.1749,hip-hop,Synthetic Artist,72
SAMPLE00472,Hip-Hop Track 472,0.6837,0.6647,0.5172,0.2057,67.9617,-6.7797,hip-hop,Synthetic Artist,50
SAMPLE00473,Hip-Hop Track 473,0.9423,0.8875,0.3412,0.2493,125.3894,-6.6597,hip-hop,Synthetic Artist,64
SAMPLE00474,Hip-Hop Track 474,0.8627,0.4624,0.2801,0.0,102.4386,-7.6638,hip-hop,Synthetic Artist,55
SAMPLE00475,Hip-Hop Track 475,0.7598,0.7578,0.5469,0.1562,108.8787,-5.4537,hip-hop,Synthetic Artist,47
SAMPLE00476,Hip-Hop Track 476,0.6559,0.385,0.5302,0.0,92.8558,-10.1156,hip-hop,Synthetic Artist,33
SAMPLE00477,Hip-Hop Track 477,0.6971,0.6804,0.6159,0.186,114.9135,-6.8926,hip-hop,Synthetic Artist,47
SAMPLE00478,Hip-Hop Track 478,0.7573,0.8705,0.9372,0.2796,175.2377,-6.8191,hip-hop,Synthetic Artist,65
SAMPLE00479,Hip-Hop Track 479,0.7538,0.7184,0.5555,0.1024,82.0671,-1.3303,hip-hop,Synthetic Artist,41
SAMPLE00480,Hip-Hop Track 480,0.7409,0.6739,0.597,0.4588,84.9117,-6.8541,hip-hop,Synthetic Artist,58
SAMPLE00481,Hip-Hop Track 481,0.7469,0.5715,0.2845,0.0002,80.942,-3.8713,hip-hop,Synthetic Artist,31
SAMPLE00482,Hip-Hop Track 482,0.7286,0.6543,0.2426,0.187,171.8225,-7.2043,hip-hop,Synthetic Artist,64
SAMPLE00483,Hip-Hop Track 483,0.6058,0.6147,0.8166,0.1439,106.1298,-6.4413,hip-hop,Synthetic Artist,56
SAMPLE00484,Hip-Hop Track 484,0.6983,0.54,0.3153,0.1329,119.2308,-10.3672,hip-hop,Synthetic Artist,28
SAMPLE00485,Hip-Hop Track 485,0.8415,0.6094,0.2912,0.1306,107.9165,-8.0271,hip-hop,Synthetic Artist,46
SAMPLE00486,Hip-Hop Track 486,0.6132,0.6778,0.4922,0.1682,91.6673,-6.1702,hip-hop,Synthetic Artist,67
SAMPLE00487,Hip-Hop Track 487,0.731,0.5426,0.482,0.2942,112.9455,-3.9553,hip-hop,Synthetic Artist,27
SAMPLE00488,Hip-Hop Track 488,0.668,0.5371,0.3195,0.3842,193.7473,-6.9889,hip-hop,Synthetic Artist,31
SAMPLE00489,Hip-Hop Track 489,0.7611,0.4596,0.439,0.1496,161.7621,-4.8984,hip-hop,Synthetic Artist,49
SAMPLE00490,Hip-Hop Track 490,0.7111,0.7047,0.7459,0.2886,94.4119,-5.0622,hip-hop,Synthetic Artist,88
SAMPLE00491,Hip-Hop Track 491,0.8977,0.7263,0.3388,0.0307,139.4272,-2.7616,hip-hop,Synthetic Artist,38
SAMPLE00492,Hip-Hop Track 492,0.8007,0.6824,0.2213,0.2802,95.0543,-6.7353,hip-hop,Synthetic Artist,59
SAMPLE00493,Hip-Hop Track 493,0.6188,0.7851,0.6885,0.0205,66.709,-0.7308,hip-hop,Synthetic Artist,55
SAMPLE00494,Hip-Hop Track 494,0.8171,0.6623,0.5985,0.3354,150.5853,-7.7941,hip-hop,Synthetic Artist,39
SAMPLE00495,Hip-Hop Track 495,0.6725,0.7049,0.3759,0.5258,154.8028,-8.1569,hip-hop,Synthetic Artist,53
SAMPLE00496,Hip-Hop Track 496,0.6923,0.6925,0.1836,0.1292,151.3816,-9.2069,hip-hop,Synthetic Artist,42
SAMPLE00497,Hip-Hop Track 497,0.7814,0.6372,0.3511,0.0,105.904,-1.7486,hip-hop,Synthetic Artist,44
SAMPLE00498,Hip-Hop Track 498,0.7008,0.5757,0.4891,0.0568,114.9967,-5.4431,hip-hop,Synthetic Artist,20
SAMPLE00499,Hip-Hop Track 499,0.8393,0.96,0.7331,0.3594,142.493,-5.6752,hip-hop,Synthetic Artist,50
SAMPLE00500,Rock Track 500,0.6499,0.9224,0.4464,0.0721,131.3301,-6.1348,rock,Synthetic Artist,66
SAMPLE00501,Rock Track 501,0.5825,0.7433,0.7909,0.0126,147.3805,-7.6238,rock,Synthetic Artist,51
SAMPLE00502,Rock Track 502,0.7359,0.5392,0.6399,0.0897,131.833,-6.5587,rock,Synthetic Artist,70
SAMPLE00503,Rock Track 503,0.3143,0.8949,0.2381,0.2488,180.9708,-10.2218,rock,Synthetic Artist,60
SAMPLE00504,Rock Track 504,0.4682,0.6944,0.5355,0.0813,160.7447,-8.8097,rock,Synthetic Artist,49
SAMPLE00505,Rock Track 505,0.4445,0.8013,0.8626,0.0356,117.3118,-3.7395,rock,Synthetic Artist,39
SAMPLE00506,Rock Track 506,0.2632,0.6529,0.4601,0.0862,117.0493,-11.4263,rock,Synthetic Artist,41
SAMPLE00507,Rock Track 507,0.6272,0.9966,0.5985,0.0,136.7424,-2.2262,rock,Synthetic Artist,24
SAMPLE00508,Rock Track 508,0.4676,0.6185,0.6201,0.1875,104.0495,-3.5111,rock,Synthetic Artist,45
SAMPLE00509,Rock Track 509,0.5888,0.6994,0.2719,0.0,154.1572,-7.7273,rock,Synthetic Artist,53
SAMPLE00510,Rock Track 510,0.7832,0.7661,0.6124,0.0445,134.04,-5.6738,rock,Synthetic Artist,81
SAMPLE00511,Rock Track 511,0.4576,0.5862,0.1934,0.2491,131.4115,-4.6852,rock,Synthetic Artist,60
SAMPLE00512,Rock Track 512,0.4495,0.7996,0.3624,0.1715,142.1738,-7.3695,rock,Synthetic Artist,34
SAMPLE00513,Rock Track 513,0.5142,0.9918,0.7367,0.2204,168.0707,-2.8798,rock,Synthetic Artist,24
SAMPLE00514,Rock Track 514,0.6185,0.6764,0.5785,0.1089,129.2739,-8.6193,rock,Synthetic Artist,46
SAMPLE00515,Rock Track 515,0.432,0.8093,0.433,0.3189,122.174,-7.3384,rock,Synthetic Artist,65
SAMPLE00516,Rock Track 516,0.4243,0.3376,0.5982,0.2772,162.718,-10.9728,rock,Synthetic Artist,46
SAMPLE00517,Rock Track 517,0.6269,0.7442,0.4868,0.1958,149.1888,-5.6784,rock,Synthetic Artist,60
SAMPLE00518,Rock Track 518,0.5454,0.703,0.5028,0.2777,116.9755,-3.8868,rock,Synthetic Artist,47
SAMPLE00519,Rock Track 519,0.2546,0.6272,0.6445,0.2476,125.1297,-7.6969,rock,Synthetic Artist,63
SAMPLE00520,Rock Track 520,0.353,0.9122,0.34,0.0453,129.8845,-8.7048,rock,Synthetic Artist,21
SAMPLE00521,Rock Track 521,0.6801,0.7011,0.5089,0.0,134.0453,-9.5004,rock,Synthetic Artist,79
SAMPLE00522,Rock Track 522,0.5482,0.7234,0.4313,0.1915,91.085,-5.6732,rock,Synthetic Artist,30
SAMPLE00523,Rock Track 523,0.4085,0.6934,0.1512,0.2128,86.4379,-2.2292,rock,Synthetic Artist,64
SAMPLE00524,Rock Track 524,0.4796,0.4625,0.2975,0.3054,102.8152,-7.2408,rock,Synthetic Artist,45
SAMPLE00525,Rock Track 525,0.5016,0.5802,0.845,0.0,100.8815,-8.486,rock,Synthetic Artist,48
SAMPLE00526,Rock Track 526,0.5883,0.8942,0.5846,0.0,108.9044,-3.7196,rock,Synthetic Artist,46
SAMPLE00527,Rock Track 527,0.337,0.4335,0.2088,0.1982,140.8678,-8.9977,rock,Synthetic Artist,55
SAMPLE00528,Rock Track 528,0.3991,0.6351,0.1611,0.1079,120.7768,-8.1354,rock,Synthetic Artist,58
SAMPLE00529,Rock Track 529,0.5328,0.69,0.4753,0.0,129.9099,-9.2559,rock,Synthetic Artist,69
SAMPLE00530,Rock Track 530,0.488,1.0,0.8435,0.1838,94.3924,-1.4789,rock,Synthetic Artist,75
SAMPLE00531,Rock Track 531,0.5686,0.8653,0.4589,0.0,113.4589,-12.1563,rock,Synthetic Artist,56
SAMPLE00532,Rock Track 532,0.3525,0.6664,0.7875,0.0,139.6814,-5.0068,rock,Synthetic Artist,81
SAMPLE00533,Rock Track 533,0.5429,0.9457,0.5774,0.3498,139.8738,-6.4853,rock,Synthetic Artist,52
SAMPLE00534,Rock Track 534,0.631,0.6389,0.6037,0.4302,106.8857,-8.1923,rock,Synthetic Artist,69
SAMPLE00535,Rock Track 535,0.5584,0.9014,0.2061,0.0,129.0416,-1.361,rock,Synthetic Artist,58
SAMPLE00536,Rock Track 536,0.5167,0.5462,0.7063,0.064,179.9712,-9.5083,rock,Synthetic Artist,40
SAMPLE00537,Rock Track 537,0.4885,0.911,0.4263,0.1272,124.5601,-7.2342,rock,Synthetic Artist,53
SAMPLE00538,Rock Track 538,0.3998,0.6891,0.6899,0.4228,107.6703,-7.1915,rock,Synthetic Artist,59
SAMPLE00539,Rock Track 539,0.4914,0.5957,0.3209,0.0362,120.6559,-6.391,rock,Synthetic Artist,49
SAMPLE00540,Rock Track 540,0.6512,0.7174,0.539,0.0389,127.3044,-7.8001,rock,Synthetic Artist,57
SAMPLE00541,Rock Track 541,0.4857,0.7916,0.5774,0.3833,121.2208,-10.185,rock,Synthetic Artist,66
SAMPLE00542,Rock Track 542,0.3932,0.6758,0.4661,0.0563,124.2161,-9.1095,rock,Synthetic Artist,50
SAMPLE00543,Rock Track 543,0.4409,0.8331,0.589,0.2428,88.9138,-2.7981,rock,Synthetic Artist,0
SAMPLE00544,Rock Track 544,0.5241,0.6626,0.4414,0.0,100.9342,-6.8378,rock,Synthetic Artist,80
SAMPLE00545,Rock Track 545,0.4552,0.8431,0.3572,0.0909,121.2666,-4.8139,rock,Synthetic Artist,45
SAMPLE00546,Rock Track 546,0.5582,0.8163,0.8532,0.0,120.8683,-6.7556,rock,Synthetic Artist,35
SAMPLE00547,Rock Track 547,0.5627,0.7409,0.7308,0.0,110.8453,-8.2036,rock,Synthetic Artist,30
SAMPLE00548,Rock Track 548,0.6067,0.6838,0.3326,0.2627,120.5747,-2.7033,rock,Synthetic Artist,44
SAMPLE00549,Rock Track 549,0.6708,0.7727,0.6251,0.1115,126.5254,-6.8341,rock,Synthetic Artist,40
SAMPLE00550,Rock Track 550,0.6195,0.8325,0.3366,0.0658,147.2353,-7.1132,rock,Synthetic Artist,37
SAMPLE00551,Rock Track 551,0.3879,1.0,0.2394,0.0,122.5197,-2.2596,rock,Synthetic Artist,38
SAMPLE00552,Rock Track 552,0.3916,0.8909,0.7274,0.0825,134.9776,-7.4604,rock,Synthetic Artist,60
SAMPLE00553,Rock Track 553,0.4909,0.8964,0.1251,0.1712,111.46,-7.1084,rock,Synthetic Artist,87
SAMPLE00554,Rock Track 554,0.4459,1.0,0.7039,0.2871,139.3024,-4.9744,rock,Synthetic Artist,65
SAMPLE00555,Rock Track 555,0.3634,0.8274,0.4444,0.0,134.3933,-6.035,rock,Synthetic Artist,70
SAMPLE00556,Rock Track 556,0.447,0.8227,0.4535,0.0,146.6454,-5.4148,rock,Synthetic Artist,43
SAMPLE00557,Rock Track 557,0.4431,0.8556,0.5901,0.147,142.8365,-0.6372,rock,Synthetic Artist,52
SAMPLE00558,Rock Track 558,0.4194,0.5987,0.6279,0.1032,139.7184,-6.5674,rock,Synthetic Artist,58
SAMPLE00559,Rock Track 559,0.4621,0.6834,0.3182,0.1886,122.5396,-12.8446,rock,Synthetic Artist,38
SAMPLE00560,Rock Track 560,0.6414,0.6741,0.6579,0.1655,131.1235,-6.1398,rock,Synthetic Artist,42
SAMPLE00561,Rock Track 561,0.5239,0.8471,0.5249,0.0682,151.5877,-5.8224,rock,Synthetic Artist,65
SAMPLE00562,Rock Track 562,0.7966,0.7239,0.2237,0.0304,108.6981,-6.5481,rock,Synthetic Artist,70
SAMPLE00563,Rock Track 563,0.5205,0.7707,0.4626,0.0783,109.2898,-5.7607,rock,Synthetic Artist,51
SAMPLE00564,Rock Track 564,0.4652,0.9131,0.8039,0.3153,129.5358,-5.593,rock,Synthetic Artist,28
SAMPLE00565,Rock Track 565,0.5005,0.8795,0.8689,0.0,135.382,-5.8547,rock,Synthetic Artist,45
SAMPLE00566,Rock Track 566,0.5308,0.7257,0.6578,0.1093,104.3973,-5.1129,rock,Synthetic Artist,24
SAMPLE00567,Rock Track 567,0.5522,0.6495,0.2381,0.1512,123.1309,-8.4582,rock,Synthetic Artist,51
SAMPLE00568,Rock Track 568,0.7492,0.9203,0.6079,0.3853,122.65,-7.8475,rock,Synthetic Artist,55
SAMPLE00569,Rock Track 569,0.3986,0.8661,0.6872,0.0689,69.618,0.0,rock,Synthetic Artist,45
SAMPLE00570,Rock Track 570,0.6031,0.5091,0.6597,0.283,119.5102,-9.7353,rock,Synthetic Artist,54
SAMPLE00571,Rock Track 571,0.5249,0.703,0.6727,0.3294,121.0671,-6.5315,rock,Synthetic Artist,58
SAMPLE00572,Rock Track 572,0.3115,0.7748,0.5799,0.1092,120.9927,-10.0902,rock,Synthetic Artist,55
SAMPLE00573,Rock Track 573,0.5925,0.8668,0.4841,0.0842,160.3979,-5.5079,rock,Synthetic Artist,28
SAMPLE00574,Rock Track 574,0.6521,0.8865,0.3662,0.0641,94.605,-8.014,rock,Synthetic Artist,45
SAMPLE00575,Rock Track 575,0.3971,0.7926,0.0825,0.0765,104.3844,-7.3507,rock,Synthetic Artist,57
SAMPLE00576,Rock Track 576,0.4989,0.8378,0.5747,0.2652,59.6951,-3.3606,rock,Synthetic Artist,78
SAMPLE00577,Rock Track 577,0.293,0.7596,0.5409,0.1593,112.9771,-5.2623,rock,Synthetic Artist,45
SAMPLE00578,Rock Track 578,0.3489,0.6489,0.6227,0.16,115.1089,-5.6854,rock,Synthetic Artist,60
SAMPLE00579,Rock Track 579,0.6258,0.7108,0.2057,0.0,112.2506,-11.1632,rock,Synthetic Artist,66
SAMPLE00580,Rock Track 580,0.444,0.7528,0.6419,0.0,152.6919,-1.8907,rock,Synthetic Artist,46
SAMPLE00581,Rock Track 581,0.3669,0.7448,0.952,0.4844,146.5154,-9.5109,rock,Synthetic Artist,71
SAMPLE00582,Rock Track 582,0.5275,0.4672,0.5173,0.0898,126.9464,-4.3756,rock,Synthetic Artist,72
SAMPLE00583,Rock Track 583,0.4373,0.6904,0.4864,0.0,115.7347,-4.3039,rock,Synthetic Artist,75
SAMPLE00584,Rock Track 584,0.4435,0.7584,0.568,0.3633,150.6547,-5.0061,rock,Synthetic Artist,58
SAMPLE00585,Rock Track 585,0.5887,0.7078,0.9471,0.1679,124.5061,-8.8907,rock,Synthetic Artist,92
SAMPLE00586,Rock Track 586,0.3606,0.713,0.2748,0.2183,104.5432,-6.3432,rock,Synthetic Artist,39
SAMPLE00587,Rock Track 587,0.3914,0.8232,0.5447,0.0965,82.0938,-7.2381,rock,Synthetic Artist,88
SAMPLE00588,Rock Track 588,0.5185,0.5882,0.3241,0.0658,113.9671,-7.3985,rock,Synthetic Artist,64
SAMPLE00589,Rock Track 589,0.6163,0.5058,0.3797,0.0912,143.8661,-8.5899,rock,Synthetic Artist,74
SAMPLE00590,Rock Track 590,0.6486,0.6978,0.4891,0.0,181.9135,-11.9099,rock,Synthetic Artist,44
SAMPLE00591,Rock Track 591,0.4202,0.8646,0.7964,0.1051,126.5403,-3.0078,rock,Synthetic Artist,65
SAMPLE00592,Rock Track 592,0.6125,1.0,0.8962,0.1703,105.8661,-5.2028,rock,Synthetic Artist,76
SAMPLE00593,Rock Track 593,0.4059,0.8673,0.5986,0.4346,95.3759,-7.0081,rock,Synthetic Artist,30
SAMPLE00594,Rock Track 594,0.7191,0.5298,0.4171,0.1346,138.7989,-9.2223,rock,Synthetic Artist,47
SAMPLE00595,Rock Track 595,0.3639,0.7151,1.0,0.0,80.8846,-5.813,rock,Synthetic Artist,11
SAMPLE00596,Rock Track 596,0.6594,0.7885,0.4059,0.104,138.7586,-8.5034,rock,Synthetic Artist,47
SAMPLE00597,Rock Track 597,0.4212,0.7766,0.3744,0.5857,145.4428,-11.9781,rock,Synthetic Artist,35
SAMPLE00598,Rock Track 598,0.7416,0.8309,0.1095,0.2673,135.907,-4.9968,rock,Synthetic Artist,46
SAMPLE00599,Rock Track 599,0.571,0.6124,0.8071,0.0,119.5085,-6.0276,rock,Synthetic Artist,100
SAMPLE00600,Rock Track 600,0.3781,0.7597,0.713,0.2205,139.1235,-6.9406,rock,Synthetic Artist,81
SAMPLE00601,Rock Track 601,0.4373,0.813,1.0,0.0,129.2735,-8.9915,rock,Synthetic Artist,24
SAMPLE00602,Rock Track 602,0.5937,0.8739,0.1943,0.0,105.5469,-5.5346,rock,Synthetic Artist,60
SAMPLE00603,Rock Track 603,0.6263,0.6291,0.8208,0.0608,171.2603,-10.8865,rock,Synthetic Artist,64
SAMPLE00604,Rock Track 604,0.4915,0.6982,0.5154,0.1356,116.208,-9.3787,rock,Synthetic Artist,44
SAMPLE00605,Rock Track 605,0.5054,0.3444,0.6773,0.0,144.3938,-10.8102,rock,Synthetic Artist,53
SAMPLE00606,Rock Track 606,0.591,0.6568,0.1375,0.0,64.5346,-4.9495,rock,Synthetic Artist,55
SAMPLE00607,Rock Track 607,0.5158,0.6713,0.823,0.1218,156.9118,-7.8785,rock,Synthetic Artist,26
SAMPLE00608,Rock Track 608,0.3448,0.5971,0.673,0.0506,161.7191,-8.5373,rock,Synthetic Artist,31
SAMPLE00609,Rock Track 609,0.4024,0.7748,0.4914,0.1871,125.7458,-1.4642,rock,Synthetic Artist,53
SAMPLE00610,Rock Track 610,0.5282,0.7416,0.6419,0.0,138.9693,-5.6692,rock,Synthetic Artist,52
SAMPLE00611,Rock Track 611,0.6459,0.4111,0.3316,0.2414,138.9629,-7.6858,rock,Synthetic Artist,37
SAMPLE00612,Rock Track 612,0.6939,0.7823,0.3725,0.0,108.9304,-7.2303,rock,Synthetic Artist,36
SAMPLE00613,Rock Track 613,0.5935,0.6108,0.398,0.3993,138.6781,-8.8264,rock,Synthetic Artist,48
SAMPLE00614,Rock Track 614,0.5345,0.8229,0.0924,0.0,104.7842,-11.5289,rock,Synthetic Artist,66
SAMPLE00615,Rock Track 615,0.5899,0.5577,0.6896,0.0,109.7811,-5.2318,rock,Synthetic Artist,49
SAMPLE00616,Rock Track 616,0.42,0.7545,0.7622,0.191,153.1736,-5.3522,rock,Synthetic Artist,79
SAMPLE00617,Rock Track 617,0.4816,0.7075,0.3457,0.4029,149.3664,-7.2028,rock,Synthetic Artist,37
SAMPLE00618,Rock Track 618,0.4011,0.7955,0.5766,0.1736,107.3406,-6.5703,rock,Synthetic Artist,53
SAMPLE00619,Rock Track 619,0.3502,0.7687,0.4416,0.2157,106.6606,-4.5474,rock,Synthetic Artist,44
SAMPLE00620,Rock Track 620,0.54,0.7117,0.5722,0.123,108.8601,-10.6164,rock,Synthetic Artist,61
SAMPLE00621,Rock Track 621,0.5223,0.5196,0.3619,0.0,143.316,-9.3573,rock,Synthetic Artist,36
SAMPLE00622,Rock Track 622,0.5825,0.5284,0.3056,0.0367,100.0004,-10.6702,rock,Synthetic Artist,85
SAMPLE00623,Rock Track 623,0.5655,0.6624,0.7315,0.0,133.9178,-2.5967,rock,Synthetic Artist,20
SAMPLE00624,Rock Track 624,0.5291,0.7488,0.4859,0.0,143.6712,-4.3183,rock,Synthetic Artist,81
SAMPLE00625,Rock Track 625,0.5668,0.6588,0.9449,0.1883,122.7939,-12.5542,rock,Synthetic Artist,52
SAMPLE00626,Rock Track 626,0.4949,0.8438,0.5102,0.0,150.2516,-9.7217,rock,Synthetic Artist,60
SAMPLE00627,Rock Track 627,0.5495,0.7081,0.2963,0.1743,117.3922,-7.0822,rock,Synthetic Artist,74
SAMPLE00628,Rock Track 628,0.4129,0.6052,0.7699,0.0,119.6536,-8.5496,rock,Synthetic Artist,65
SAMPLE00629,Rock Track 629,0.5444,0.7083,0.6388,0.1704,100.5688,-10.0612,rock,Synthetic Artist,37
SAMPLE00630,Rock Track 630,0.5802,0.7839,0.6599,0.0369,150.4294,-1.4348,rock,Synthetic Artist,61
SAMPLE00631,Rock Track 631,0.4196,0.7987,0.7619,0.3591,105.837,-5.4263,rock,Synthetic Artist,84
SAMPLE00632,Rock Track 632,0.5062,1.0,0.3564,0.175,133.7443,-3.813,rock,Synthetic Artist,34
SAMPLE00633,Rock Track 633,0.4252,0.6497,0.472,0.3301,123.2171,-8.8321,rock,Synthetic Artist,88
SAMPLE00634,Rock Track 634,0.4368,0.739,0.4623,0.0,98.6804,-4.7604,rock,Synthetic Artist,57
SAMPLE00635,Rock Track 635,0.365,0.8139,0.216,0.1295,109.7724,-7.0676,rock,Synthetic Artist,42
SAMPLE00636,Rock Track 636,0.6519,0.7465,0.442,0.0,159.5718,-7.2294,rock,Synthetic Artist,34
SAMPLE00637,Rock Track 637,0.6279,0.6749,0.794,0.0497,130.0414,-5.4231,rock,Synthetic Artist,46
SAMPLE00638,Rock Track 638,0.5645,0.5176,0.5522,0.0754,99.7712,-11.9668,rock,Synthetic Artist,15
SAMPLE00639,Rock Track 639,0.7367,0.6734,0.2039,0.0,132.6332,-2.9672,rock,Synthetic Artist,43
SAMPLE00640,Rock Track 640,0.4773,0.5889,0.1577,0.0,121.3471,-7.0104,rock,Synthetic Artist,45
SAMPLE00641,Rock Track 641,0.8638,0.491,0.8663,0.0,211.3512,-4.8516,rock,Synthetic Artist,31
SAMPLE00642,Rock Track 642,0.4727,0.6306,0.4801,0.0,132.1281,-9.9047,rock,Synthetic Artist,63
SAMPLE00643,Rock Track 643,0.5306,0.5929,0.3576,0.0,115.4844,-9.7503,rock,Synthetic Artist,46
SAMPLE00644,Rock Track 644,0.4523,0.8376,0.4397,0.2267,160.5007,-8.8793,rock,Synthetic Artist,39
SAMPLE00645,Rock Track 645,0.5447,0.8402,0.175,0.0,78.9741,-5.3333,rock,Synthetic Artist,44
SAMPLE00646,Rock Track 646,0.6003,0.6144,0.8131,0.0,127.358,-7.1485,rock,Synthetic Artist,56
SAMPLE00647,Rock Track 647,0.4863,0.711,0.4135,0.4245,174.8607,-7.8952,rock,Synthetic Artist,51
SAMPLE00648,Rock Track 648,0.7132,0.4713,0.8008,0.0118,122.095,-10.7076,rock,Synthetic Artist,37
SAMPLE00649,Rock Track 649,0.5287,0.6758,0.5114,0.1746,81.6675,-10.1114,rock,Synthetic Artist,52
SAMPLE00650,Rock Track 650,0.5325,0.8098,0.8145,0.2292,115.1021,-6.2621,rock,Synthetic Artist,49
SAMPLE00651,Rock Track 651,0.3909,0.8737,0.5565,0.2326,161.363,-6.9215,rock,Synthetic Artist,29
SAMPLE00652,Rock Track 652,0.5502,0.643,0.6877,0.0,134.4017,-8.8558,rock,Synthetic Artist,45
SAMPLE00653,Rock Track 653,0.4839,0.9078,0.6582,0.0807,104.0286,-1.6856,rock,Synthetic Artist,60
SAMPLE00654,Rock Track 654,0.427,0.5226,0.6371,0.0,107.8689,-8.0699,rock,Synthetic Artist,60
SAMPLE00655,Rock Track 655,0.4068,0.5629,0.5765,0.5359,111.0075,-4.4478,rock,Synthetic Artist,46
SAMPLE00656,Rock Track 656,0.8206,0.8564,0.4488,0.0,134.0299,-7.1944,rock,Synthetic Artist,62
SAMPLE00657,Rock Track 657,0.4684,1.0,0.9214,0.0,158.4549,-4.3881,rock,Synthetic Artist,32
SAMPLE00658,Rock Track 658,0.3252,0.824,0.3005,0.0,151.3106,-6.1946,rock,Synthetic Artist,33
SAMPLE00659,Rock Track 659,0.4162,0.7439,0.5009,0.0,136.4003,-10.7804,rock,Synthetic Artist,45
SAMPLE00660,Rock Track 660,0.4938,0.4207,0.5033,0.3499,91.7089,-4.9048,rock,Synthetic Artist,77
SAMPLE00661,Rock Track 661,0.5656,0.4466,0.5885,0.5318,91.8017,-8.6581,rock,Synthetic Artist,53
SAMPLE00662,Rock Track 662,0.5666,0.7694,0.4055,0.0391,138.3313,-4.5175,rock,Synthetic Artist,45
SAMPLE00663,Rock Track 663,0.5812,0.6963,0.5692,0.0,91.3632,-8.7023,rock,Synthetic Artist,78
SAMPLE00664,Rock Track 664,0.4226,0.5841,0.4629,0.0,119.3608,-7.9074,rock,Synthetic Artist,45
SAMPLE00665,Rock Track 665,0.5409,0.7598,0.152,0.0785,132.6038,-8.6082,rock,Synthetic Artist,90
SAMPLE00666,Rock Track 666,0.3949,0.7673,0.5021,0.0662,96.5602,-3.3064,rock,Synthetic Artist,41
SAMPLE00667,Rock Track 667,0.4256,0.8917,0.2579,0.0093,99.3934,-4.8715,rock,Synthetic Artist,32
SAMPLE00668,Rock Track 668,0.3899,0.7705,0.1184,0.1576,122.647,-5.4594,rock,Synthetic Artist,47
SAMPLE00669,Rock Track 669,0.3574,0.9343,0.5301,0.1872,137.5913,-1.999,rock,Synthetic Artist,46
SAMPLE00670,Rock Track 670,0.6277,0.7512,0.6073,0.1749,151.538,-3.602,rock,Synthetic Artist,35
SAMPLE00671,Rock Track 671,0.5826,0.7327,0.6159,0.0663,140.1763,-4.6904,rock,Synthetic Artist,97
SAMPLE00672,Rock Track 672,0.6172,0.9096,0.6248,0.0,126.8414,-9.0964,rock,Synthetic Artist,56
SAMPLE00673,Rock Track 673,0.5047,0.6032,0.0748,0.2332,106.3451,-9.1198,rock,Synthetic Artist,58
SAMPLE00674,Rock Track 674,0.5932,1.0,0.2006,0.1221,98.2273,-7.5097,rock,Synthetic Artist,42
SAMPLE00675,Rock Track 675,0.2886,0.8063,0.9342,0.271,112.2281,-4.3434,rock,Synthetic Artist,40
SAMPLE00676,Rock Track 676,0.6036,0.8071,0.2696,0.2543,135.2484,-5.7306,rock,Synthetic Artist,68
SAMPLE00677,Rock Track 677,0.5213,0.8288,0.6344,0.0,133.4156,-9.5037,rock,Synthetic Artist,20
SAMPLE00678,Rock Track 678,0.5753,1.0,0.3489,0.0,72.5025,-5.4719,rock,Synthetic Artist,29
SAMPLE00679,Rock Track 679,0.5456,0.8689,0.5175,0.0,105.3581,-9.522,rock,Synthetic Artist,46
SAMPLE00680,Rock Track 680,0.3816,0.5092,0.3607,0.0,155.1127,-8.0774,rock,Synthetic Artist,74
SAMPLE00681,Rock Track 681,0.3202,0.9605,0.6235,0.2484,126.9804,-9.3753,rock,Synthetic Artist,43
SAMPLE00682,Rock Track 682,0.4146,0.6989,0.5301,0.1797,89.5748,-5.4847,rock,Synthetic Artist,57
SAMPLE00683,Rock Track 683,0.5678,0.7661,0.4014,0.3069,183.8955,-5.4587,rock,Synthetic Artist,50
SAMPLE00684,Rock Track 684,0.5828,0.5581,0.269,0.1874,124.2765,-2.8815,rock,Synthetic Artist,73
SAMPLE00685,Rock Track 685,0.3358,0.8289,0.5589,0.1555,134.6083,-3.9067,rock,Synthetic Artist,21
SAMPLE00686,Rock Track 686,0.3823,0.6523,0.2332,0.324,134.9881,-8.1435,rock,Synthetic Artist,63
SAMPLE00687,Rock Track 687,0.4132,0.765,0.594,0.1999,115.8101,-4.3647,rock,Synthetic Artist,46
SAMPLE00688,Rock Track 688,0.4571,0.7074,1.0,0.1316,106.8107,-10.2498,rock,Synthetic Artist,67
SAMPLE00689,Rock Track 689,0.3366,1.0,0.797,0.3717,178.0419,-7.4062,rock,Synthetic Artist,35
SAMPLE00690,Rock Track 690,0.3294,1.0,0.658,0.1396,150.0801,-4.1671,rock,Synthetic Artist,50
SAMPLE00691,Rock Track 691,0.4014,0.757,0.4812,0.0683,145.5484,-11.8538,rock,Synthetic Artist,48
SAMPLE00692,Rock Track 692,0.5104,0.7596,0.0735,0.0,139.4072,-6.5353,rock,Synthetic Artist,32
SAMPLE00693,Rock Track 693,0.3583,0.694,0.2091,0.2395,99.9171,-9.3868,rock,Synthetic Artist,27
SAMPLE00694,Rock Track 694,0.4861,0.9159,0.7822,0.3303,156.9383,-5.2513,rock,Synthetic Artist,40
SAMPLE00695,Rock Track 695,0.627,0.7007,0.3263,0.1114,103.9217,-9.4904,rock,Synthetic Artist,52
SAMPLE00696,Rock Track 696,0.3438,0.6868,0.3462,0.3423,132.0822,-5.8186,rock,Synthetic Artist,36
SAMPLE00697,Rock Track 697,0.4752,0.8968,0.4636,0.0,84.0153,-5.5709,rock,Synthetic Artist,44
SAMPLE00698,Rock Track 698,0.623,0.6693,0.2663,0.1106,73.9785,-3.4836,rock,Synthetic Artist,16
SAMPLE00699,Rock Track 699,0.4498,0.7443,0.2301,0.1132,132.9573,-6.5171,rock,Synthetic Artist,43
SAMPLE00700,Rock Track 700,0.4312,0.5128,0.4889,0.0,104.7725,-9.8448,rock,Synthetic Artist,68
SAMPLE00701,Rock Track 701,0.6396,0.8556,0.3039,0.5253,75.2708,-6.4834,rock,Synthetic Artist,63
SAMPLE00702,Rock Track 702,0.4633,1.0,0.337,0.1087,138.5152,-8.3606,rock,Synthetic Artist,48
SAMPLE00703,Rock Track 703,0.6325,0.8582,0.3281,0.0507,178.002,-4.8356,rock,Synthetic Artist,54
SAMPLE00704,Rock Track 704,0.5515,0.9693,0.6149,0.1244,159.739,-3.7098,rock,Synthetic Artist,35
SAMPLE00705,Rock Track 705,0.4589,0.6231,0.4489,0.0,118.5671,-1.0885,rock,Synthetic Artist,79
SAMPLE00706,Rock Track 706,0.5576,0.7854,0.4607,0.0,125.2211,-7.8419,rock,Synthetic Artist,87
SAMPLE00707,Rock Track 707,0.5385,0.6085,0.6313,0.2872,147.1927,-8.0183,rock,Synthetic Artist,53
SAMPLE00708,Rock Track 708,0.6225,0.7158,0.4688,0.0131,153.0532,-8.1444,rock,Synthetic Artist,97
SAMPLE00709,Rock Track 709,0.4342,0.8658,0.4388,0.0,116.4116,-5.2747,rock,Synthetic Artist,38
SAMPLE00710,Rock Track 710,0.5049,0.7653,0.6035,0.3426,125.8544,-5.4541,rock,Synthetic Artist,27
SAMPLE00711,Rock Track 711,0.4926,0.5381,0.647,0.3478,132.5154,-7.9048,rock,Synthetic Artist,37
SAMPLE00712,Rock Track 712,0.5845,0.5527,0.4676,0.2079,138.8469,-4.9677,rock,Synthetic Artist,46
SAMPLE00713,Rock Track 713,0.377,0.5428,0.5177,0.0426,121.6731,-9.2855,rock,Synthetic Artist,92
SAMPLE00714,Rock Track 714,0.622,0.8237,0.328,0.0793,121.9979,-3.5923,rock,Synthetic Artist,45
SAMPLE00715,Rock Track 715,0.556,1.0,0.3106,0.0,159.4958,-3.6538,rock,Synthetic Artist,35
SAMPLE00716,Rock Track 716,0.342,0.9544,0.6692,0.0,155.238,-5.3039,rock,Synthetic Artist,34
SAMPLE00717,Rock Track 717,0.645,0.4656,0.5979,0.0,136.9353,-8.9937,rock,Synthetic Artist,71
SAMPLE00718,Rock Track 718,0.7681,0.9632,0.6002,0.0149,167.9777,0.0,rock,Synthetic Artist,68
SAMPLE00719,Rock Track 719,0.6202,0.8905,0.5618,0.0,115.3389,-7.6998,rock,Synthetic Artist,41
SAMPLE00720,Rock Track 720,0.6712,0.5182,0.5102,0.0,165.5743,-7.1459,rock,Synthetic Artist,16
SAMPLE00721,Rock Track 721,0.5102,0.7045,0.6532,0.1573,138.5629,-8.6484,rock,Synthetic Artist,30
SAMPLE00722,Rock Track 722,0.3006,0.9143,0.7057,0.1599,206.7757,-1.05,rock,Synthetic Artist,81
SAMPLE00723,Rock Track 723,0.2787,0.8326,0.7005,0.4091,95.188,-3.7875,rock,Synthetic Artist,62
SAMPLE00724,Rock Track 724,0.5306,0.5536,0.4778,0.0064,107.7664,-9.3741,rock,Synthetic Artist,51
SAMPLE00725,Rock Track 725,0.429,0.8416,0.8051,0.1703,135.4699,-4.6688,rock,Synthetic Artist,84
SAMPLE00726,Rock Track 726,0.3903,0.4294,0.5503,0.1732,134.9309,-7.7795,rock,Synthetic Artist,85
SAMPLE00727,Rock Track 727,0.4925,0.7166,0.6391,0.0768,173.7535,-7.9921,rock,Synthetic Artist,49
SAMPLE00728,Rock Track 728,0.5739,0.9207,0.5621,0.2465,108.2906,-3.5804,rock,Synthetic Artist,50
SAMPLE00729,Rock Track 729,0.3257,0.7528,0.5543,0.2518,147.623,-5.5102,rock,Synthetic Artist,40
SAMPLE00730,Rock Track 730,0.4461,0.6752,0.3381,0.1757,154.0616,-6.4098,rock,Synthetic Artist,45
SAMPLE00731,Rock Track 731,0.6812,0.8834,0.6543,0.0765,142.6162,-5.8044,rock,Synthetic Artist,23
SAMPLE00732,Rock Track 732,0.371,0.8962,1.0,0.0592,100.9751,-4.5451,rock,Synthetic Artist,23
SAMPLE00733,Rock Track 733,0.6044,0.9465,0.4175,0.0,160.194,-4.7475,rock,Synthetic Artist,19
SAMPLE00734,Rock Track 734,0.4418,0.8812,0.5156,0.0,155.7331,-5.5654,rock,Synthetic Artist,70
SAMPLE00735,Rock Track 735,0.5655,0.9122,0.4018,0.0143,139.9896,-7.1293,rock,Synthetic Artist,22
SAMPLE00736,Rock Track 736,0.6317,0.8599,0.3926,0.0,130.1087,-1.606,rock,Synthetic Artist,85
SAMPLE00737,Rock Track 737,0.589,0.7898,0.8398,0.1948,130.6527,-8.8871,rock,Synthetic Artist,37
SAMPLE00738,Rock Track 738,0.6091,0.7634,0.3519,0.3234,123.0316,-5.3504,rock,Synthetic Artist,81
SAMPLE00739,Rock Track 739,0.3618,0.7144,0.3957,0.0,141.0196,-7.5141,rock,Synthetic Artist,43
SAMPLE00740,Rock Track 740,0.6336,0.5681,0.1508,0.1682,125.7784,-3.1923,rock,Synthetic Artist,22
SAMPLE00741,Rock Track 741,0.3977,0.6067,0.3333,0.0,103.7869,-9.6185,rock,Synthetic Artist,73
SAMPLE00742,Rock Track 742,0.5311,0.7077,0.1242,0.0682,98.7852,-8.592,rock,Synthetic Artist,75
SAMPLE00743,Rock Track 743,0.531,0.7862,0.639,0.0026,106.1991,-8.7072,rock,Synthetic Artist,34
SAMPLE00744,Rock Track 744,0.5582,0.9661,1.0,0.2223,130.5533,-4.3946,rock,Synthetic Artist,44
SAMPLE00745,Rock Track 745,0.5404,0.7437,0.4193,0.0046,124.3261,-9.9702,rock,Synthetic Artist,34
SAMPLE00746,Rock Track 746,0.3987,0.9005,0.1333,0.292,130.3836,-6.7932,rock,Synthetic Artist,48
SAMPLE00747,Rock Track 747,0.338,0.9119,0.698,0.0782,137.5203,-10.9095,rock,Synthetic Artist,52
SAMPLE00748,Rock Track 748,0.6047,0.7153,0.3401,0.0096,109.317,-6.1072,rock,Synthetic Artist,44
SAMPLE00749,Rock Track 749,0.5223,0.8392,0.7859,0.0,161.6415,-7.2153,rock,Synthetic Artist,17
SAMPLE00750,Electronic Track 750,0.5214,0.8926,0.3933,0.0584,119.0837,-4.5479,electronic,Synthetic Artist,40
SAMPLE00751,Electronic Track 751,0.8303,0.8125,0.3841,0.2412,98.2956,-5.1554,electronic,Synthetic Artist,63
SAMPLE00752,Electronic Track 752,0.5431,0.8457,0.2967,0.2751,111.9121,-3.3717,electronic,Synthetic Artist,46
SAMPLE00753,Electronic Track 753,0.7956,0.5942,0.5443,0.2474,116.0904,-4.818,electronic,Synthetic Artist,44
SAMPLE00754,Electronic Track 754,0.6159,1.0,0.5016,0.1642,125.89,-6.4248,electronic,Synthetic Artist,33
SAMPLE00755,Electronic Track 755,0.8922,0.7008,0.1001,0.0,113.6554,-5.9978,electronic,Synthetic Artist,39
SAMPLE00756,Electronic Track 756,0.7899,0.8019,0.0867,0.1285,118.8386,-7.5645,electronic,Synthetic Artist,75
SAMPLE00757,Electronic Track 757,0.579,0.8911,0.5434,0.0,110.296,-5.7101,electronic,Synthetic Artist,29
SAMPLE00758,Electronic Track 758,0.59,0.6517,0.2706,0.0,127.0534,-6.1263,electronic,Synthetic Artist,63
SAMPLE00759,Electronic Track 759,0.7727,0.709,0.5164,0.0987,130.1086,-13.2436,electronic,Synthetic Artist,51
SAMPLE00760,Electronic Track 760,0.6685,0.8033,0.6218,0.1328,129.8284,-1.0378,electronic,Synthetic Artist,54
SAMPLE00761,Electronic Track 761,0.6797,1.0,0.1704,0.1784,125.1483,-3.5472,electronic,Synthetic Artist,37
SAMPLE00762,Electronic Track 762,0.8527,0.8191,0.1395,0.1297,106.5071,-6.9565,electronic,Synthetic Artist,44
SAMPLE00763,Electronic Track 763,0.6102,0.9888,0.8184,0.1338,117.5606,-0.8923,electronic,Synthetic Artist,50
SAMPLE00764,Electronic Track 764,0.711,0.9367,0.5273,0.0,120.1123,-5.7544,electronic,Synthetic Artist,41
SAMPLE00765,Electronic Track 765,0.8146,0.8278,0.3578,0.0574,120.1605,-5.4479,electronic,Synthetic Artist,56
SAMPLE00766,Electronic Track 766,0.7971,0.6514,0.2445,0.0,125.8998,-7.7458,electronic,Synthetic Artist,58
SAMPLE00767,Electronic Track 767,0.6808,0.9178,0.3377,0.0,142.1065,-1.8694,electronic,Synthetic Artist,89
SAMPLE00768,Electronic Track 768,0.6653,0.5852,0.1881,0.1589,134.7452,-7.3785,electronic,Synthetic Artist,55
SAMPLE00769,Electronic Track 769,0.4913,0.9881,0.6444,0.0,113.1498,-4.4523,electronic,Synthetic Artist,16
SAMPLE00770,Electronic Track 770,0.5733,0.806,0.2791,0.1747,133.1408,-3.4364,electronic,Synthetic Artist,71
SAMPLE00771,Electronic Track 771,0.7382,0.4355,0.6906,0.203,132.6836,-6.8969,electronic,Synthetic Artist,46
SAMPLE00772,Electronic Track 772,0.6835,0.7357,0.3619,0.0,115.3272,-6.3743,electronic,Synthetic Artist,86
SAMPLE00773,Electronic Track 773,0.709,0.865,0.2205,0.1408,135.1864,-3.2691,electronic,Synthetic Artist,76
SAMPLE00774,Electronic Track 774,0.8247,0.7492,0.3562,0.0,123.0755,-1.1079,electronic,Synthetic Artist,41
SAMPLE00775,Electronic Track 775,0.5575,0.873,0.0,0.0,108.0806,-4.8075,electronic,Synthetic Artist,63
SAMPLE00776,Electronic Track 776,0.6717,0.6695,0.4234,0.0848,130.4624,-6.4295,electronic,Synthetic Artist,39
SAMPLE00777,Electronic Track 777,0.7226,0.6102,0.4126,0.0135,127.6035,-6.6774,electronic,Synthetic Artist,50
SAMPLE00778,Electronic Track 778,0.6155,0.7707,0.6314,0.0172,122.2679,-3.4349,electronic,Synthetic Artist,62
SAMPLE00779,Electronic Track 779,0.8718,0.7841,0.035,0.307,124.5506,-7.1738,electronic,Synthetic Artist,70
SAMPLE00780,Electronic Track 780,0.809,0.7347,0.7056,0.0,116.371,-6.8284,electronic,Synthetic Artist,66
SAMPLE00781,Electronic Track 781,0.7348,0.9395,0.6305,0.1159,132.3216,-8.1176,electronic,Synthetic Artist,51
SAMPLE00782,Electronic Track 782,0.9153,0.6695,0.7254,0.0,124.4786,-9.0309,electronic,Synthetic Artist,95
SAMPLE00783,Electronic Track 783,0.5201,0.8207,0.4384,0.179,126.9974,-6.7913,electronic,Synthetic Artist,43
SAMPLE00784,Electronic Track 784,0.6991,0.7888,0.6731,0.1058,129.2857,-6.0589,electronic,Synthetic Artist,21
SAMPLE00785,Electronic Track 785,0.744,0.5776,0.1263,0.1155,111.145,-3.6761,electronic,Synthetic Artist,25
SAMPLE00786,Electronic Track 786,0.5903,0.6085,0.6069,0.0,114.2686,-5.9569,electronic,Synthetic Artist,77
SAMPLE00787,Electronic Track 787,0.7361,0.7815,0.2803,0.0,98.4807,-7.8149,electronic,Synthetic Artist,49
SAMPLE00788,Electronic Track 788,0.5672,1.0,0.0867,0.1813,131.7769,-6.136,electronic,Synthetic Artist,53
SAMPLE00789,Electronic Track 789,0.7829,0.8553,0.2027,0.2825,110.4535,-2.7987,electronic,Synthetic Artist,40
SAMPLE00790,Electronic Track 790,0.8269,0.5557,0.4512,0.1276,126.5908,-5.0928,electronic,Synthetic Artist,42
SAMPLE00791,Electronic Track 791,0.7327,0.3756,0.2687,0.0,129.4519,-8.3699,electronic,Synthetic Artist,36
SAMPLE00792,Electronic Track 792,0.4777,0.8753,0.5327,0.1107,132.2282,-6.3133,electronic,Synthetic Artist,58
SAMPLE00793,Electronic Track 793,0.584,0.7675,0.0522,0.3613,110.5518,-3.8252,electronic,Synthetic Artist,48
SAMPLE00794,Electronic Track 794,0.7678,0.9284,0.0,0.0823,124.2181,-7.0965,electronic,Synthetic Artist,58
SAMPLE00795,Electronic Track 795,0.7025,0.6655,0.7519,0.2454,145.0434,-5.9029,electronic,Synthetic Artist,56
SAMPLE00796,Electronic Track 796,0.3767,0.8255,0.6488,0.0,145.5718,-1.1815,electronic,Synthetic Artist,42
SAMPLE00797,Electronic Track 797,0.8491,0.89,0.2192,0.0649,136.8479,-4.9293,electronic,Synthetic Artist,24
SAMPLE00798,Electronic Track 798,0.7164,0.7218,0.4493,0.1443,129.0499,-7.9002,electronic,Synthetic Artist,22
SAMPLE00799,Electronic Track 799,0.6017,0.7246,0.6743,0.1177,112.9387,-5.5116,electronic,Synthetic Artist,100
SAMPLE00800,Electronic Track 800,0.8194,0.7833,0.5422,0.0,133.6235,-6.9203,electronic,Synthetic Artist,77
SAMPLE00801,Electronic Track 801,0.6187,0.8505,0.4826,0.0,123.1037,-8.3649,electronic,Synthetic Artist,74
SAMPLE00802,Electronic Track 802,0.6174,0.7781,0.6909,0.1886,131.7263,-4.6091,electronic,Synthetic Artist,38
SAMPLE00803,Electronic Track 803,0.743,0.9066,0.2892,0.213,117.4059,-3.0046,electronic,Synthetic Artist,50
SAMPLE00804,Electronic Track 804,0.9137,0.7199,0.4569,0.2515,122.9248,-6.9821,electronic,Synthetic Artist,35
SAMPLE00805,Electronic Track 805,0.8948,0.6073,0.4461,0.2865,126.9698,-7.7906,electronic,Synthetic Artist,26
SAMPLE00806,Electronic Track 806,0.7432,1.0,0.39,0.0862,127.9553,-6.6031,electronic,Synthetic Artist,39
SAMPLE00807,Electronic Track 807,0.7555,0.7014,0.3642,0.0327,130.9247,-6.7715,electronic,Synthetic Artist,74
SAMPLE00808,Electronic Track 808,0.795,0.7061,0.466,0.2321,118.0497,-7.5681,electronic,Synthetic Artist,65
SAMPLE00809,Electronic Track 809,0.5492,0.7714,0.4576,0.1556,108.8806,-8.0734,electronic,Synthetic Artist,33
SAMPLE00810,Electronic Track 810,0.7773,0.7887,0.2193,0.0,144.4974,-2.1633,electronic,Synthetic Artist,44
SAMPLE00811,Electronic Track 811,0.6119,0.7297,0.6264,0.0,154.8711,-5.3686,electronic,Synthetic Artist,63
SAMPLE00812,Electronic Track 812,0.7382,0.7777,0.2352,0.129,130.369,-4.8688,electronic,Synthetic Artist,40
SAMPLE00813,Electronic Track 813,0.6727,0.7748,0.402,0.0487,109.1121,-4.2642,electronic,Synthetic Artist,51
SAMPLE00814,Electronic Track 814,0.7601,0.8027,0.385,0.0668,115.7217,-4.3216,electronic,Synthetic Artist,57
SAMPLE00815,Electronic Track 815,0.7142,0.4735,0.5288,0.1987,131.1094,-8.6651,electronic,Synthetic Artist,57
SAMPLE00816,Electronic Track 816,0.3312,1.0,0.0,0.1611,141.0934,-4.1349,electronic,Synthetic Artist,55
SAMPLE00817,Electronic Track 817,0.7215,0.7609,0.646,0.2296,110.4453,-6.6529,electronic,Synthetic Artist,38
SAMPLE00818,Electronic Track 818,0.7771,0.8555,0.3011,0.0,123.508,-4.6702,electronic,Synthetic Artist,40
SAMPLE00819,Electronic Track 819,0.7535,0.6008,0.7184,0.1004,127.3512,-6.3915,electronic,Synthetic Artist,30
SAMPLE00820,Electronic Track 820,0.6877,0.7188,0.3448,0.1534,135.3749,-7.1327,electronic,Synthetic Artist,22
SAMPLE00821,Electronic Track 821,0.8971,0.6926,0.4393,0.0,120.8768,-9.183,electronic,Synthetic Artist,48
SAMPLE00822,Electronic Track 822,0.7374,0.9711,0.871,0.0,106.2342,-4.5611,electronic,Synthetic Artist,65
SAMPLE00823,Electronic Track 823,0.7525,0.7038,0.389,0.0,132.4544,-6.8655,electronic,Synthetic Artist,25
SAMPLE00824,Electronic Track 824,0.8253,0.8786,0.7225,0.0726,138.4976,-9.1894,electronic,Synthetic Artist,55
SAMPLE00825,Electronic Track 825,0.7435,0.6954,0.4586,0.2653,124.0089,-5.492,electronic,Synthetic Artist,64
SAMPLE00826,Electronic Track 826,0.5922,0.7212,0.5414,0.3127,129.8629,-4.4224,electronic,Synthetic Artist,17
SAMPLE00827,Electronic Track 827,0.4074,0.7481,0.4654,0.0,119.3061,-1.1348,electronic,Synthetic Artist,45
SAMPLE00828,Electronic Track 828,0.6427,0.9469,0.6365,0.1332,114.8507,-5.781,electronic,Synthetic Artist,80
SAMPLE00829,Electronic Track 829,0.7913,0.5343,0.2992,0.1371,137.3171,-8.5515,electronic,Synthetic Artist,60
SAMPLE00830,Electronic Track 830,0.6576,0.609,0.2335,0.1165,129.65,-9.2451,electronic,Synthetic Artist,16
SAMPLE00831,Electronic Track 831,0.7961,0.5269,0.3095,0.1179,130.8844,-7.1016,electronic,Synthetic Artist,62
SAMPLE00832,Electronic Track 832,0.7178,0.6386,0.4719,0.1064,143.0254,-6.4436,electronic,Synthetic Artist,37
SAMPLE00833,Electronic Track 833,0.8546,0.6745,0.4014,0.2725,112.3419,-8.2556,electronic,Synthetic Artist,62
SAMPLE00834,Electronic Track 834,0.6646,0.5701,0.6063,0.2023,118.3757,-7.6092,electronic,Synthetic Artist,38
SAMPLE00835,Electronic Track 835,0.7561,0.6846,0.737,0.0,126.8952,-10.53,electronic,Synthetic Artist,49
SAMPLE00836,Electronic Track 836,0.7607,0.5181,0.2353,0.1655,118.2282,-5.7187,electronic,Synthetic Artist,40
SAMPLE00837,Electronic Track 837,0.8802,0.6477,0.2885,0.1771,134.3976,-8.3354,electronic,Synthetic Artist,50
SAMPLE00838,Electronic Track 838,0.4952,0.9361,0.134,0.1078,122.7512,-5.133,electronic,Synthetic Artist,40
SAMPLE00839,Electronic Track 839,0.645,0.8325,0.8967,0.2058,113.0896,-8.5386,electronic,Synthetic Artist,46
SAMPLE00840,Electronic Track 840,0.8018,0.8044,0.517,0.0926,125.7893,-7.0185,electronic,Synthetic Artist,29
SAMPLE00841,Electronic Track 841,0.8855,0.6496,0.5556,0.0941,127.0441,-7.3413,electronic,Synthetic Artist,59
SAMPLE00842,Electronic Track 842,0.7288,0.5803,0.1552,0.0845,136.2162,-7.2207,electronic,Synthetic Artist,53
SAMPLE00843,Electronic Track 843,0.6649,0.6319,0.4497,0.0,129.7177,-5.9291,electronic,Synthetic Artist,21
SAMPLE00844,Electronic Track 844,0.7909,0.7744,0.562,0.0604,130.5338,-3.1556,electronic,Synthetic Artist,68
SAMPLE00845,Electronic Track 845,0.8042,0.8929,0.3944,0.0,128.8435,-3.8574,electronic,Synthetic Artist,47
SAMPLE00846,Electronic Track 846,0.6568,0.8973,0.6867,0.0,122.7413,-3.3718,electronic,Synthetic Artist,53
SAMPLE00847,Electronic Track 847,0.7396,0.862,0.9586,0.2421,116.4054,-2.6159,electronic,Synthetic Artist,64
SAMPLE00848,Electronic Track 848,0.8417,0.6841,0.2416,0.1305,128.4661,-5.4359,electronic,Synthetic Artist,56
SAMPLE00849,Electronic Track 849,0.9269,0.7832,0.2251,0.0664,121.0025,-6.0543,electronic,Synthetic Artist,71
SAMPLE00850,Electronic Track 850,0.7891,0.7382,0.2569,0.0022,145.2779,-4.2324,electronic,Synthetic Artist,45
SAMPLE00851,Electronic Track 851,0.7053,0.7538,0.8034,0.1055,141.1062,-4.0109,electronic,Synthetic Artist,69
SAMPLE00852,Electronic Track 852,0.6935,1.0,0.6793,0.189,132.5941,-3.3829,electronic,Synthetic Artist,52
SAMPLE00853,Electronic Track 853,0.7669,0.5509,0.4202,0.0,129.5416,-10.2836,electronic,Synthetic Artist,59
SAMPLE00854,Electronic Track 854,0.6861,0.7495,0.458,0.0694,123.9445,-7.866,electronic,Synthetic Artist,57
SAMPLE00855,Electronic Track 855,0.7228,0.9375,0.2704,0.1742,109.8665,-5.6045,electronic,Synthetic Artist,72
SAMPLE00856,Electronic Track 856,0.5731,0.5894,0.6458,0.0,122.4059,-5.5842,electronic,Synthetic Artist,63
SAMPLE00857,Electronic Track 857,0.8556,0.6963,0.3664,0.0631,126.2168,-6.5448,electronic,Synthetic Artist,42
SAMPLE00858,Electronic Track 858,0.5632,0.7112,0.3928,0.0185,127.7535,-4.1389,electronic,Synthetic Artist,38
SAMPLE00859,Electronic Track 859,0.6481,0.751,0.5839,0.0539,130.6344,-3.5437,electronic,Synthetic Artist,49
SAMPLE00860,Electronic Track 860,0.7117,0.5725,0.4086,0.0098,136.056,-4.8465,electronic,Synthetic Artist,36
SAMPLE00861,Electronic Track 861,0.9389,0.8574,0.3983,0.0865,116.6942,-3.1246,electronic,Synthetic Artist,31
SAMPLE00862,Electronic Track 862,0.6493,0.8666,0.4523,0.3008,116.8031,-7.5543,electronic,Synthetic Artist,12
SAMPLE00863,Electronic Track 863,0.6201,0.8461,0.625,0.0311,142.4103,-4.6382,electronic,Synthetic Artist,22
SAMPLE00864,Electronic Track 864,0.6339,0.6669,0.8122,0.105,134.2518,-7.8939,electronic,Synthetic Artist,86
SAMPLE00865,Electronic Track 865,0.8991,0.7912,0.5788,0.3094,120.3107,-9.2307,electronic,Synthetic Artist,38
SAMPLE00866,Electronic Track 866,0.3625,0.6631,0.6267,0.004,123.7135,-7.2765,electronic,Synthetic Artist,84
SAMPLE00867,Electronic Track 867,0.5797,0.7368,0.406,0.2878,123.7674,-3.61,electronic,Synthetic Artist,57
SAMPLE00868,Electronic Track 868,1.0,1.0,0.2943,0.0706,125.3789,-3.7585,electronic,Synthetic Artist,49
SAMPLE00869,Electronic Track 869,0.7709,0.7924,0.5939,0.2838,130.6722,-1.8897,electronic,Synthetic Artist,23
SAMPLE00870,Electronic Track 870,0.5673,0.6256,0.4877,0.16,155.4199,-6.5718,electronic,Synthetic Artist,50
SAMPLE00871,Electronic Track 871,0.695,0.8034,0.137,0.1069,127.2771,-0.9637,electronic,Synthetic Artist,84
SAMPLE00872,Electronic Track 872,0.7081,0.6043,0.3778,0.0621,132.9512,-6.6994,electronic,Synthetic Artist,78
SAMPLE00873,Electronic Track 873,0.8015,0.6241,0.4318,0.0,104.7623,-6.8903,electronic,Synthetic Artist,55
SAMPLE00874,Electronic Track 874,0.9207,0.6447,0.3377,0.0791,119.1812,-9.3709,electronic,Synthetic Artist,29
SAMPLE00875,Electronic Track 875,0.7466,0.7222,0.776,0.1777,139.7458,-4.1254,electronic,Synthetic Artist,33
SAMPLE00876,Electronic Track 876,0.6352,0.9018,0.5556,0.0684,129.8278,-6.2734,electronic,Synthetic Artist,35
SAMPLE00877,Electronic Track 877,0.7945,0.8552,0.7521,0.032,72.3306,-6.8429,electronic,Synthetic Artist,73
SAMPLE00878,Electronic Track 878,0.6162,0.848,0.508,0.0399,133.0883,-3.0296,electronic,Synthetic Artist,79
SAMPLE00879,Electronic Track 879,0.576,0.6371,0.4679,0.1891,148.018,-4.5407,electronic,Synthetic Artist,54
SAMPLE00880,Electronic Track 880,0.4888,0.7096,0.2439,0.217,101.0491,-4.1581,electronic,Synthetic Artist,45
SAMPLE00881,Electronic Track 881,0.5122,0.8154,0.4526,0.0,143.2327,-6.5122,electronic,Synthetic Artist,78
SAMPLE00882,Electronic Track 882,0.5924,0.6983,0.4529,0.0,91.7365,-6.592,electronic,Synthetic Artist,32
SAMPLE00883,Electronic Track 883,0.5587,0.7438,0.1492,0.1155,136.256,-6.3368,electronic,Synthetic Artist,51
SAMPLE00884,Electronic Track 884,0.7376,0.8374,0.3313,0.2533,124.8962,-4.0907,electronic,Synthetic Artist,58
SAMPLE00885,Electronic Track 885,0.5561,0.7347,0.3789,0.2075,96.8003,-3.1649,electronic,Synthetic Artist,34
SAMPLE00886,Electronic Track 886,0.3228,0.8094,0.541,0.0,130.3537,-5.0874,electronic,Synthetic Artist,39
SAMPLE00887,Electronic Track 887,0.5747,0.9871,0.5515,0.0383,138.8101,-0.8079,electronic,Synthetic Artist,37
SAMPLE00888,Electronic Track 888,0.6434,0.7577,0.3221,0.0,129.3666,-4.3397,electronic,Synthetic Artist,76
SAMPLE00889,Electronic Track 889,0.6273,0.9333,0.5532,0.0379,132.0179,-5.5497,electronic,Synthetic Artist,84
SAMPLE00890,Electronic Track 890,0.8823,0.8527,0.4099,0.2625,120.0599,-3.9063,electronic,Synthetic Artist,52
SAMPLE00891,Electronic Track 891,0.6264,0.5893,0.0,0.0,102.6633,-3.7326,electronic,Synthetic Artist,45
SAMPLE00892,Electronic Track 892,0.8057,0.6367,0.3434,0.0,133.3024,-2.8631,electronic,Synthetic Artist,39
SAMPLE00893,Electronic Track 893,0.6977,0.6716,0.6874,0.0,145.997,-4.2764,electronic,Synthetic Artist,50
SAMPLE00894,Electronic Track 894,0.6949,0.6689,0.08,0.1045,138.555,-6.6154,electronic,Synthetic Artist,40
SAMPLE00895,Electronic Track 895,0.5998,0.7683,0.4748,0.1445,101.1455,-6.5038,electronic,Synthetic Artist,48
SAMPLE00896,Electronic Track 896,0.6929,0.8599,0.7988,0.1225,106.8213,-4.3684,electronic,Synthetic Artist,57
SAMPLE00897,Electronic Track 897,0.6082,0.9432,0.2827,0.2111,114.8484,-1.673,electronic,Synthetic Artist,43
SAMPLE00898,Electronic Track 898,0.7204,0.8201,0.4505,0.0,105.8843,-4.8921,electronic,Synthetic Artist,47
SAMPLE00899,Electronic Track 899,0.6717,0.7221,0.1631,0.2126,125.5303,-5.4386,electronic,Synthetic Artist,47
SAMPLE00900,Electronic Track 900,0.5866,0.5093,0.808,0.0325,129.721,-7.5214,electronic,Synthetic Artist,44
SAMPLE00901,Electronic Track 901,0.819,0.7892,0.4317,0.1578,107.837,-6.6007,electronic,Synthetic Artist,42
SAMPLE00902,Electronic Track 902,0.7512,0.7834,0.4603,0.0,134.3255,-6.3042,electronic,Synthetic Artist,64
SAMPLE00903,Electronic Track 903,0.6462,0.8038,0.7479,0.0706,132.2132,-5.5865,electronic,Synthetic Artist,18
SAMPLE00904,Electronic Track 904,0.7175,1.0,0.5955,0.0984,118.4221,-1.2438,electronic,Synthetic Artist,78
SAMPLE00905,Electronic Track 905,0.6899,0.9413,0.2574,0.2087,122.9297,-5.5118,electronic,Synthetic Artist,52
SAMPLE00906,Electronic Track 906,0.5959,0.8821,0.3076,0.0,101.6024,-5.2824,electronic,Synthetic Artist,61
SAMPLE00907,Electronic Track 907,0.7085,0.6549,0.5589,0.0737,121.0129,-8.4812,electronic,Synthetic Artist,63
SAMPLE00908,Electronic Track 908,0.6255,0.7133,0.3127,0.0,125.0886,-4.9669,electronic,Synthetic Artist,37
SAMPLE00909,Electronic Track 909,0.5866,0.7677,0.0,0.1307,127.025,-3.3406,electronic,Synthetic Artist,34
SAMPLE00910,Electronic Track 910,0.5053,0.6792,0.4383,0.1633,129.5465,-3.3558,electronic,Synthetic Artist,31
SAMPLE00911,Electronic Track 911,0.657,0.8451,0.1244,0.2245,127.9309,-5.2029,electronic,Synthetic Artist,46
SAMPLE00912,Electronic Track 912,0.768,0.8264,0.8056,0.0058,121.8279,-4.5729,electronic,Synthetic Artist,63
SAMPLE00913,Electronic Track 913,0.6166,0.6385,0.4889,0.1813,128.4343,-7.156,electronic,Synthetic Artist,39
SAMPLE00914,Electronic Track 914,1.0,0.9356,0.2509,0.2333,137.0244,-4.0104,electronic,Synthetic Artist,61
SAMPLE00915,Electronic Track 915,0.8063,0.7933,0.2963,0.0,123.854,-5.2923,electronic,Synthetic Artist,7
SAMPLE00916,Electronic Track 916,0.8565,0.5552,0.0343,0.1435,128.8111,-7.2321,electronic,Synthetic Artist,43
SAMPLE00917,Electronic Track 917,0.7954,0.7733,0.2081,0.185,122.7659,-5.7645,electronic,Synthetic Artist,71
SAMPLE00918,Electronic Track 918,0.9223,0.8166,0.6736,0.039,117.2389,-4.8768,electronic,Synthetic Artist,47
SAMPLE00919,Electronic Track 919,0.6056,0.9065,0.941,0.0,131.2746,-5.8295,electronic,Synthetic Artist,35
SAMPLE00920,Electronic Track 920,0.3927,0.7361,0.6098,0.1832,118.3373,-6.7482,electronic,Synthetic Artist,38
SAMPLE00921,Electronic Track 921,0.6465,0.8876,0.4298,0.0,129.6338,-1.9395,electronic,Synthetic Artist,0
SAMPLE00922,Electronic Track 922,0.767,0.8043,0.355,0.0486,125.3391,-0.4329,electronic,Synthetic Artist,32
SAMPLE00923,Electronic Track 923,0.7182,0.609,0.2396,0.0652,121.3528,-9.4345,electronic,Synthetic Artist,69
SAMPLE00924,Electronic Track 924,0.7331,0.596,0.9031,0.1559,121.0623,-9.6228,electronic,Synthetic Artist,40
SAMPLE00925,Electronic Track 925,0.8585,0.9259,0.4085,0.0,118.9025,-7.0387,electronic,Synthetic Artist,42
SAMPLE00926,Electronic Track 926,0.7458,0.9355,0.9154,0.0,105.2504,-5.2737,electronic,Synthetic Artist,8
SAMPLE00927,Electronic Track 927,0.7959,0.822,0.7566,0.0819,129.5947,-3.9566,electronic,Synthetic Artist,21
SAMPLE00928,Electronic Track 928,0.5873,0.9744,0.067,0.1908,127.7786,-3.6508,electronic,Synthetic Artist,71
SAMPLE00929,Electronic Track 929,0.5686,0.9174,0.3035,0.3445,135.196,-4.8318,electronic,Synthetic Artist,61
SAMPLE00930,Electronic Track 930,0.8937,0.8689,0.3028,0.0,118.6225,-4.4089,electronic,Synthetic Artist,27
SAMPLE00931,Electronic Track 931,0.7121,0.6615,0.4324,0.1078,147.7446,-8.095,electronic,Synthetic Artist,39
SAMPLE00932,Electronic Track 932,0.6252,1.0,0.4367,0.0,120.4432,-5.1682,electronic,Synthetic Artist,49
SAMPLE00933,Electronic Track 933,0.6254,0.8497,1.0,0.1923,114.4987,-5.6219,electronic,Synthetic Artist,28
SAMPLE00934,Electronic Track 934,0.6221,0.7298,0.213,0.0,113.0758,-9.4694,electronic,Synthetic Artist,14
SAMPLE00935,Electronic Track 935,0.6149,0.6931,0.5004,0.0,104.1929,-8.8439,electronic,Synthetic Artist,47
SAMPLE00936,Electronic Track 936,0.546,0.8134,0.5856,0.0,143.3915,-8.0428,electronic,Synthetic Artist,60
SAMPLE00937,Electronic Track 937,0.5199,0.5628,0.4497,0.0609,141.4528,-5.7752,electronic,Synthetic Artist,61
SAMPLE00938,Electronic Track 938,0.6766,0.871,0.4742,0.1088,132.2089,-4.9635,electronic,Synthetic Artist,66
SAMPLE00939,Electronic Track 939,0.6288,0.656,0.2201,0.128,114.2469,-5.5217,electronic,Synthetic Artist,22
SAMPLE00940,Electronic Track 940,0.8329,0.8282,0.4734,0.0693,146.7352,-9.3902,electronic,Synthetic Artist,51
SAMPLE00941,Electronic Track 941,0.7352,0.7122,0.5625,0.0,120.7794,-9.374,electronic,Synthetic Artist,45
SAMPLE00942,Electronic Track 942,0.7318,0.7456,0.5221,0.1573,121.7717,-4.8798,electronic,Synthetic Artist,48
SAMPLE00943,Electronic Track 943,0.6108,0.6816,0.5754,0.0636,142.2471,-12.1477,electronic,Synthetic Artist,46
SAMPLE00944,Electronic Track 944,0.6855,0.759,0.7608,0.2094,132.9069,-3.6765,electronic,Synthetic Artist,38
SAMPLE00945,Electronic Track 945,0.7433,1.0,0.6561,0.0,151.4132,-8.3266,electronic,Synthetic Artist,0
SAMPLE00946,Electronic Track 946,0.7859,0.9601,0.4657,0.0,127.9847,-3.233,electronic,Synthetic Artist,71
SAMPLE00947,Electronic Track 947,0.6887,0.8261,0.1922,0.0659,120.2356,-7.5007,electronic,Synthetic Artist,56
SAMPLE00948,Electronic Track 948,0.8295,0.7767,0.318,0.2255,117.6583,-3.9219,electronic,Synthetic Artist,23
SAMPLE00949,Electronic Track 949,0.701,0.8897,0.4017,0.0893,102.836,0.0,electronic,Synthetic Artist,59
SAMPLE00950,Electronic Track 950,0.7951,0.9269,0.5055,0.046,121.6569,-9.665,electronic,Synthetic Artist,42
SAMPLE00951,Electronic Track 951,0.6412,0.6721,0.3448,0.0,138.7351,-5.2565,electronic,Synthetic Artist,42
SAMPLE00952,Electronic Track 952,0.4825,0.7699,0.2441,0.2809,132.186,-9.6767,electronic,Synthetic Artist,36
SAMPLE00953,Electronic Track 953,0.7322,0.5431,0.1886,0.0,125.2437,-6.5676,electronic,Synthetic Artist,60
SAMPLE00954,Electronic Track 954,0.787,0.926,0.0867,0.0,113.0608,-5.5375,electronic,Synthetic Artist,36
SAMPLE00955,Electronic Track 955,0.769,1.0,0.3983,0.1384,127.7225,-4.4204,electronic,Synthetic Artist,30
SAMPLE00956,Electronic Track 956,0.7507,0.7904,0.1267,0.0,137.1538,-7.7609,electronic,Synthetic Artist,70
SAMPLE00957,Electronic Track 957,0.6582,0.5037,0.2299,0.223,130.1686,-6.0964,electronic,Synthetic Artist,47
SAMPLE00958,Electronic Track 958,0.6032,0.8592,0.3633,0.1449,127.0008,-8.4218,electronic,Synthetic Artist,47
SAMPLE00959,Electronic Track 959,0.7662,0.6625,0.1561,0.1779,115.4365,-4.2219,electronic,Synthetic Artist,62
SAMPLE00960,Electronic Track 960,0.7512,0.6938,0.5335,0.137,135.4062,-7.3359,electronic,Synthetic Artist,38
SAMPLE00961,Electronic Track 961,0.6327,0.8615,0.6128,0.0507,87.4171,-8.3167,electronic,Synthetic Artist,42
SAMPLE00962,Electronic Track 962,0.8331,0.8131,0.3291,0.0,129.5941,-2.6116,electronic,Synthetic Artist,56
SAMPLE00963,Electronic Track 963,0.5941,0.7165,0.3539,0.0532,155.8439,-6.5154,electronic,Synthetic Artist,22
SAMPLE00964,Electronic Track 964,0.63,0.6956,0.5682,0.0,106.8995,-2.6914,electronic,Synthetic Artist,54
SAMPLE00965,Electronic Track 965,0.8964,0.7964,0.2929,0.1283,122.1036,-3.4591,electronic,Synthetic Artist,36
SAMPLE00966,Electronic Track 966,0.8042,0.7268,0.2778,0.1668,124.9051,-7.9157,electronic,Synthetic Artist,65
SAMPLE00967,Electronic Track 967,0.657,0.6358,0.7132,0.2472,119.449,-7.0352,electronic,Synthetic Artist,60
SAMPLE00968,Electronic Track 968,0.7345,0.7368,0.6445,0.1146,137.4365,-6.0173,electronic,Synthetic Artist,57
SAMPLE00969,Electronic Track 969,0.7186,0.8241,0.5823,0.1809,130.6694,-2.6825,electronic,Synthetic Artist,21
SAMPLE00970,Electronic Track 970,0.3705,0.7568,0.6536,0.0343,126.8276,-5.2639,electronic,Synthetic Artist,48
SAMPLE00971,Electronic Track 971,0.5912,0.5962,0.015,0.0126,134.5673,-6.75,electronic,Synthetic Artist,29
SAMPLE00972,Electronic Track 972,0.6939,0.9086,0.7478,0.1268,125.201,-5.6283,electronic,Synthetic Artist,49
SAMPLE00973,Electronic Track 973,0.6572,0.424,0.5363,0.0236,163.1584,-8.2374,electronic,Synthetic Artist,8
SAMPLE00974,Electronic Track 974,0.7297,0.722,0.6724,0.1023,126.8162,-3.739,electronic,Synthetic Artist,22
SAMPLE00975,Electronic Track 975,0.8355,0.6994,0.5352,0.0,127.3434,-6.4763,electronic,Synthetic Artist,71
SAMPLE00976,Electronic Track 976,0.6614,0.7993,0.4608,0.0,104.4744,-6.6744,electronic,Synthetic Artist,57
SAMPLE00977,Electronic Track 977,0.5731,0.853,0.3894,0.1462,118.4786,-6.6909,electronic,Synthetic Artist,44
SAMPLE00978,Electronic Track 978,0.739,0.9265,0.5308,0.1764,138.7685,-6.2287,electronic,Synthetic Artist,34
SAMPLE00979,Electronic Track 979,0.6608,0.6874,0.3814,0.0,108.9745,-9.3599,electronic,Synthetic Artist,30
SAMPLE00980,Electronic Track 980,0.6813,0.8563,0.6409,0.1505,99.1093,-7.0432,electronic,Synthetic Artist,54
SAMPLE00981,Electronic Track 981,0.665,0.8055,0.101,0.0061,125.3878,-2.8504,electronic,Synthetic Artist,44
SAMPLE00982,Electronic Track 982,0.969,0.5575,0.3309,0.072,141.4489,-7.7482,electronic,Synthetic Artist,78
SAMPLE00983,Electronic Track 983,0.4311,1.0,0.8999,0.24,125.5086,-3.2712,electronic,Synthetic Artist,47
SAMPLE00984,Electronic Track 984,0.6534,0.593,0.3123,0.1669,120.9665,-12.0798,electronic,Synthetic Artist,51
SAMPLE00985,Electronic Track 985,0.6996,0.8345,0.3975,0.1655,102.6981,-4.5362,electronic,Synthetic Artist,25
SAMPLE00986,Electronic Track 986,0.6063,0.8307,0.2558,0.2991,130.427,-6.0185,electronic,Synthetic Artist,44
SAMPLE00987,Electronic Track 987,0.808,0.8158,0.5239,0.0,132.9353,-6.7479,electronic,Synthetic Artist,53
SAMPLE00988,Electronic Track 988,0.7976,0.7157,0.288,0.0,103.6192,-6.0239,electronic,Synthetic Artist,43
SAMPLE00989,Electronic Track 989,0.6943,0.8875,0.4092,0.0,138.6144,-6.3464,electronic,Synthetic Artist,41
SAMPLE00990,Electronic Track 990,0.6675,0.5772,0.6368,0.0395,134.1883,-11.4648,electronic,Synthetic Artist,56
SAMPLE00991,Electronic Track 991,0.6866,0.7714,0.2963,0.0,138.5878,-4.2069,electronic,Synthetic Artist,77
SAMPLE00992,Electronic Track 992,0.6874,0.7067,0.6235,0.0451,132.0023,-5.9538,electronic,Synthetic Artist,53
SAMPLE00993,Electronic Track 993,0.6906,0.692,0.6309,0.0047,132.8442,-7.1562,electronic,Synthetic Artist,71
SAMPLE00994,Electronic Track 994,0.6774,0.8357,0.6821,0.1641,131.2487,-7.5979,electronic,Synthetic Artist,61
SAMPLE00995,Electronic Track 995,0.7303,0.9201,0.4809,0.1123,135.4217,-8.0993,electronic,Synthetic Artist,70
SAMPLE00996,Electronic Track 996,0.7904,0.7354,1.0,0.0,103.1749,-5.82,electronic,Synthetic Artist,39
SAMPLE00997,Electronic Track 997,0.5524,0.8815,0.682,0.1408,106.9873,-2.1642,electronic,Synthetic Artist,46
SAMPLE00998,Electronic Track 998,0.5739,0.7865,0.5215,0.1568,116.1679,-5.5549,electronic,Synthetic Artist,46
SAMPLE00999,Electronic Track 999,0.4902,0.6639,0.2573,0.0,123.4422,-9.4619,electronic,Synthetic Artist,60
SAMPLE01000,Classical Track 1000,0.327,0.1399,0.4752,0.9896,58.2568,-28.0546,classical,Synthetic Artist,64
SAMPLE01001,Classical Track 1001,0.2936,0.2878,0.5108,0.9056,76.5005,-24.1986,classical,Synthetic Artist,52
SAMPLE01002,Classical Track 1002,0.4037,0.3311,0.754,0.8402,81.986,-26.8883,classical,Synthetic Artist,66
SAMPLE01003,Classical Track 1003,0.3728,0.0943,0.3865,0.98,98.3497,-23.1216,classical,Synthetic Artist,40
SAMPLE01004,Classical Track 1004,0.0,0.2129,0.2794,0.9136,80.6469,-21.19,classical,Synthetic Artist,66
SAMPLE01005,Classical Track 1005,0.3654,0.319,0.4253,0.9689,127.6253,-23.0022,classical,Synthetic Artist,68
SAMPLE01006,Classical Track 1006,0.1796,0.006,0.1493,0.8746,53.6357,-12.9981,classical,Synthetic Artist,62
SAMPLE01007,Classical Track 1007,0.1294,0.1819,0.2694,0.7991,54.449,-26.3053,classical,Synthetic Artist,52
SAMPLE01008,Classical Track 1008,0.2774,0.0128,0.1334,1.0,94.3156,-14.6544,classical,Synthetic Artist,63
SAMPLE01009,Classical Track 1009,0.3493,0.0325,0.3216,1.0,99.3791,-29.1327,classical,Synthetic Artist,34
SAMPLE01010,Classical Track 1010,0.1031,0.0955,0.1327,1.0,58.4514,-22.0701,classical,Synthetic Artist,54
SAMPLE01011,Classical Track 1011,0.3845,0.2516,0.1264,0.8812,85.584,-14.472,classical,Synthetic Artist,55
SAMPLE01012,Classical Track 1012,0.3916,0.1317,0.3244,0.89,92.1666,-15.5017,classical,Synthetic Artist,26
SAMPLE01013,Classical Track 1013,0.3056,0.0827,0.2252,1.0,92.4145,-25.1051,classical,Synthetic Artist,59
SAMPLE01014,Classical Track 1014,0.1959,0.1877,0.0,0.8846,109.8602,-18.6232,classical,Synthetic Artist,28
SAMPLE01015,Classical Track 1015,0.1825,0.008,0.0,0.8567,83.8295,-20.5052,classical,Synthetic Artist,42
SAMPLE01016,Classical Track 1016,0.4231,0.2443,0.0435,1.0,152.2908,-24.8537,classical,Synthetic Artist,51
SAMPLE01017,Classical Track 1017,0.1187,0.3497,0.0911,0.9152,120.6225,-17.2861,classical,Synthetic Artist,37
SAMPLE01018,Classical Track 1018,0.4277,0.1681,0.3246,1.0,79.1724,-10.8963,classical,Synthetic Artist,51
SAMPLE01019,Classical Track 1019,0.2802,0.1496,0.2894,0.7802,108.0244,-19.3522,classical,Synthetic Artist,51
SAMPLE01020,Classical Track 1020,0.2885,0.236,0.4418,0.9718,108.9685,-18.2658,classical,Synthetic Artist,35
SAMPLE01021,Classical Track 1021,0.095,0.0,0.3855,1.0,143.8711,-19.0471,classical,Synthetic Artist,60
SAMPLE01022,Classical Track 1022,0.2824,0.2605,0.4429,0.923,85.7878,-30.2827,classical,Synthetic Artist,36
SAMPLE01023,Classical Track 1023,0.3736,0.6453,0.3595,0.8936,129.5548,-16.447,classical,Synthetic Artist,91
SAMPLE01024,Classical Track 1024,0.1396,0.1616,0.2877,0.8032,106.3393,-28.211,classical,Synthetic Artist,48
SAMPLE01025,Classical Track 1025,0.3598,0.1621,0.4479,1.0,152.7301,-25.6465,classical,Synthetic Artist,29
SAMPLE01026,Classical Track 1026,0.3107,0.2915,0.4155,0.843,146.3085,-8.3591,classical,Synthetic Artist,32
SAMPLE01027,Classical Track 1027,0.2227,0.4268,0.3177,0.9105,111.3033,-22.0388,classical,Synthetic Artist,71
SAMPLE01028,Classical Track 1028,0.4026,0.3262,0.4788,0.7965,96.607,-25.5636,classical,Synthetic Artist,43
SAMPLE01029,Classical Track 1029,0.0357,0.0,0.0,1.0,121.2114,-16.1645,classical,Synthetic Artist,25
SAMPLE01030,Classical Track 1030,0.3416,0.2645,0.1977,1.0,99.2256,-27.179,classical,Synthetic Artist,65
SAMPLE01031,Classical Track 1031,0.4943,0.5658,0.195,0.9168,158.7698,-22.3698,classical,Synthetic Artist,43
SAMPLE01032,Classical Track 1032,0.4728,0.2734,0.4575,0.8046,107.511,-13.9455,classical,Synthetic Artist,62
SAMPLE01033,Classical Track 1033,0.3468,0.0068,0.5329,1.0,92.0194,-22.7825,classical,Synthetic Artist,67
SAMPLE01034,Classical Track 1034,0.2638,0.2223,0.0,0.8834,90.2923,-31.1159,classical,Synthetic Artist,55
SAMPLE01035,Classical Track 1035,0.2237,0.0,0.504,0.8095,66.1829,-19.8161,classical,Synthetic Artist,93
SAMPLE01036,Classical Track 1036,0.2636,0.3649,0.0391,0.7438,122.8099,-23.2693,classical,Synthetic Artist,19
SAMPLE01037,Classical Track 1037,0.3653,0.0366,0.0446,0.8554,78.7596,-13.6212,classical,Synthetic Artist,35
SAMPLE01038,Classical Track 1038,0.2031,0.1911,0.2078,0.7745,140.1407,-25.5703,classical,Synthetic Artist,45
SAMPLE01039,Classical Track 1039,0.3909,0.0513,0.1927,0.8577,63.6261,-16.4646,classical,Synthetic Artist,91
SAMPLE01040,Classical Track 1040,0.556,0.098,0.0,0.9944,109.0717,-11.8376,classical,Synthetic Artist,82
SAMPLE01041,Classical Track 1041,0.2926,0.4029,0.367,0.8825,141.8072,-25.7681,classical,Synthetic Artist,73
SAMPLE01042,Classical Track 1042,0.1387,0.1955,0.3723,0.9556,50.0,-23.0662,classical,Synthetic Artist,36
SAMPLE01043,Classical Track 1043,0.1386,0.0961,0.4397,0.8477,169.5845,-20.1715,classical,Synthetic Artist,38
SAMPLE01044,Classical Track 1044,0.3932,0.0082,0.172,0.9265,91.3909,-28.1748,classical,Synthetic Artist,35
SAMPLE01045,Classical Track 1045,0.2928,0.0,0.2429,1.0,109.5151,-21.4582,classical,Synthetic Artist,36
SAMPLE01046,Classical Track 1046,0.4052,0.0,0.2445,0.8852,123.2864,-24.4295,classical,Synthetic Artist,77
SAMPLE01047,Classical Track 1047,0.236,0.1968,0.5538,0.9584,128.2361,-23.3696,classical,Synthetic Artist,46
SAMPLE01048,Classical Track 1048,0.3997,0.327,0.0,0.7634,113.7643,-20.8242,classical,Synthetic Artist,48
SAMPLE01049,Classical Track 1049,0.281,0.0959,0.0778,1.0,136.9163,-22.0767,classical,Synthetic Artist,64
SAMPLE01050,Classical Track 1050,0.2121,0.4156,0.251,0.8723,121.6103,-19.6032,classical,Synthetic Artist,20
SAMPLE01051,Classical Track 1051,0.2519,0.0724,0.0546,1.0,161.3482,-26.2387,classical,Synthetic Artist,51
SAMPLE01052,Classical Track 1052,0.1564,0.1443,0.2035,0.9077,121.7145,-25.5452,classical,Synthetic Artist,30
SAMPLE01053,Classical Track 1053,0.5387,0.0181,0.2273,0.9812,167.8683,-23.6831,classical,Synthetic Artist,45
SAMPLE01054,Classical Track 1054,0.2884,0.3286,0.1316,0.9871,133.8345,-21.3769,classical,Synthetic Artist,39
SAMPLE01055,Classical Track 1055,0.3773,0.4946,0.2616,0.8748,50.0,-22.7453,classical,Synthetic Artist,39
SAMPLE01056,Classical Track 1056,0.2356,0.0,0.3631,1.0,188.5553,-21.1364,classical,Synthetic Artist,54
SAMPLE01057,Classical Track 1057,0.1738,0.1281,0.2075,0.8441,86.621,-33.2001,classical,Synthetic Artist,54
SAMPLE01058,Classical Track 1058,0.2719,0.3697,0.1684,0.9978,152.8574,-25.2445,classical,Synthetic Artist,46
SAMPLE01059,Classical Track 1059,0.4321,0.0,0.2202,0.881,105.8574,-24.7596,classical,Synthetic Artist,57
SAMPLE01060,Classical Track 1060,0.2375,0.265,0.2487,0.955,138.9549,-26.6267,classical,Synthetic Artist,34
SAMPLE01061,Classical Track 1061,0.1955,0.3632,0.0,0.8738,82.9687,-11.1255,classical,Synthetic Artist,62
SAMPLE01062,Classical Track 1062,0.3187,0.1917,0.3331,0.925,125.0238,-21.8164,classical,Synthetic Artist,46
SAMPLE01063,Classical Track 1063,0.3599,0.2625,0.1688,0.8125,96.8979,-20.4441,classical,Synthetic Artist,41
SAMPLE01064,Classical Track 1064,0.4971,0.4441,0.4771,0.9448,155.5281,-23.3146,classical,Synthetic Artist,36
SAMPLE01065,Classical Track 1065,0.3425,0.4723,0.3564,0.9244,119.0374,-20.3411,classical,Synthetic Artist,46
SAMPLE01066,Classical Track 1066,0.3773,0.1707,0.4606,0.866,134.9502,-29.3473,classical,Synthetic Artist,84
SAMPLE01067,Classical Track 1067,0.3863,0.1001,0.068,0.9145,50.0,-23.498,classical,Synthetic Artist,49
SAMPLE01068,Classical Track 1068,0.1616,0.042,0.1832,0.9334,102.2617,-28.45,classical,Synthetic Artist,29
SAMPLE01069,Classical Track 1069,0.1844,0.3265,0.0264,0.8584,118.1377,-22.7852,classical,Synthetic Artist,67
SAMPLE01070,Classical Track 1070,0.1699,0.0,0.1231,0.9071,112.1557,-38.4395,classical,Synthetic Artist,42
SAMPLE01071,Classical Track 1071,0.1401,0.1421,0.4754,0.8194,135.757,-28.9953,classical,Synthetic Artist,55
SAMPLE01072,Classical Track 1072,0.3955,0.1954,0.5177,1.0,93.2911,-13.124,classical,Synthetic Artist,39
SAMPLE01073,Classical Track 1073,0.3348,0.1045,0.0433,1.0,106.5612,-17.4703,classical,Synthetic Artist,73
SAMPLE01074,Classical Track 1074,0.3095,0.222,0.1675,0.9473,142.7993,-13.8339,classical,Synthetic Artist,39
SAMPLE01075,Classical Track 1075,0.0,0.5647,0.2363,1.0,50.0,-11.3656,classical,Synthetic Artist,75
SAMPLE01076,Classical Track 1076,0.5467,0.1618,0.3554,0.7221,123.8592,-18.0715,classical,Synthetic Artist,31
SAMPLE01077,Classical Track 1077,0.1927,0.1147,0.0,0.6642,94.3157,-25.1091,classical,Synthetic Artist,45
SAMPLE01078,Classical Track 1078,0.5462,0.3323,0.0,0.8801,75.8058,-27.3097,classical,Synthetic Artist,75
SAMPLE01079,Classical Track 1079,0.1261,0.2159,0.3381,0.7821,115.7694,-14.9039,classical,Synthetic Artist,53
SAMPLE01080,Classical Track 1080,0.2025,0.3959,0.0,0.8963,144.2784,-20.3172,classical,Synthetic Artist,91
SAMPLE01081,Classical Track 1081,0.0357,0.2047,0.1696,0.9406,138.2526,-6.8876,classical,Synthetic Artist,45
SAMPLE01082,Classical Track 1082,0.3435,0.1427,0.2792,1.0,100.6764,-24.4142,classical,Synthetic Artist,55
SAMPLE01083,Classical Track 1083,0.1678,0.0,0.3248,0.8062,133.0237,-11.2426,classical,Synthetic Artist,84
SAMPLE01084,Classical Track 1084,0.1712,0.0,0.2245,0.96,132.7782,-24.0208,classical,Synthetic Artist,23
SAMPLE01085,Classical Track 1085,0.1353,0.0,0.1842,0.9214,102.2041,-15.0637,classical,Synthetic Artist,21
SAMPLE01086,Classical Track 1086,0.3933,0.2369,0.402,0.9548,82.8214,-11.4784,classical,Synthetic Artist,36
SAMPLE01087,Classical Track 1087,0.3854,0.0,0.3013,0.868,84.6725,-29.2177,classical,Synthetic Artist,65
SAMPLE01088,Classical Track 1088,0.5174,0.3683,0.1335,1.0,131.8113,-23.78,classical,Synthetic Artist,21
SAMPLE01089,Classical Track 1089,0.2177,0.1845,0.2568,0.9096,103.6513,-28.1707,classical,Synthetic Artist,61
SAMPLE01090,Classical Track 1090,0.3263,0.1434,0.319,1.0,71.5222,-29.5994,classical,Synthetic Artist,59
SAMPLE01091,Classical Track 1091,0.1453,0.0534,0.5593,0.841,51.0844,-18.7571,classical,Synthetic Artist,86
SAMPLE01092,Classical Track 1092,0.2598,0.2733,0.3915,0.9943,131.6186,-22.6197,classical,Synthetic Artist,69
SAMPLE01093,Classical Track 1093,0.2377,0.0593,0.4686,0.914,87.5031,-22.4099,classical,Synthetic Artist,57
SAMPLE01094,Classical Track 1094,0.3557,0.0322,0.1401,0.8872,115.5724,-19.5494,classical,Synthetic Artist,74
SAMPLE01095,Classical Track 1095,0.422,0.3583,0.1556,0.9832,144.6706,-32.0748,classical,Synthetic Artist,60
SAMPLE01096,Classical Track 1096,0.4189,0.2332,0.2076,0.8901,63.1144,-13.9602,classical,Synthetic Artist,42
SAMPLE01097,Classical Track 1097,0.1989,0.1448,0.2242,0.6538,103.5556,-24.306,classical,Synthetic Artist,29
SAMPLE01098,Classical Track 1098,0.4198,0.2762,0.0686,0.6137,99.5378,-18.2283,classical,Synthetic Artist,40
SAMPLE01099,Classical Track 1099,0.2947,0.1813,0.4779,1.0,117.1518,-18.2677,classical,Synthetic Artist,49
SAMPLE01100,Classical Track 1100,0.261,0.2375,0.409,1.0,144.6531,-13.4305,classical,Synthetic Artist,53
SAMPLE01101,Classical Track 1101,0.215,0.0575,0.195,1.0,62.4575,-23.3643,classical,Synthetic Artist,12
SAMPLE01102,Classical Track 1102,0.2328,0.4906,0.3655,0.9182,123.2335,-32.8785,classical,Synthetic Artist,46
SAMPLE01103,Classical Track 1103,0.5091,0.0931,0.2901,0.7907,138.0088,-22.1789,classical,Synthetic Artist,51
SAMPLE01104,Classical Track 1104,0.3369,0.4134,0.3796,0.878,99.0359,-19.3953,classical,Synthetic Artist,60
SAMPLE01105,Classical Track 1105,0.321,0.1517,0.008,0.9211,100.6017,-28.3755,classical,Synthetic Artist,79
SAMPLE01106,Classical Track 1106,0.2685,0.3011,0.2238,0.8193,118.3904,-20.3887,classical,Synthetic Artist,53
SAMPLE01107,Classical Track 1107,0.5935,0.2901,0.2396,1.0,116.0341,-23.5053,classical,Synthetic Artist,34
SAMPLE01108,Classical Track 1108,0.4566,0.352,0.3623,1.0,123.6353,-29.0244,classical,Synthetic Artist,17
SAMPLE01109,Classical Track 1109,0.2135,0.0539,0.1369,0.9678,122.961,-18.7277,classical,Synthetic Artist,62
SAMPLE01110,Classical Track 1110,0.2672,0.3413,0.0,0.9189,73.5769,-24.4143,classical,Synthetic Artist,34
SAMPLE01111,Classical Track 1111,0.2743,0.457,0.0553,0.7905,136.6885,-22.7765,classical,Synthetic Artist,66
SAMPLE01112,Classical Track 1112,0.3175,0.1412,0.239,1.0,142.3371,-25.0083,classical,Synthetic Artist,75
SAMPLE01113,Classical Track 1113,0.2159,0.1852,0.2615,0.9276,110.9547,-14.5559,classical,Synthetic Artist,22
SAMPLE01114,Classical Track 1114,0.3527,0.1015,0.5531,0.8911,57.187,-22.7166,classical,Synthetic Artist,60
SAMPLE01115,Classical Track 1115,0.4743,0.128,0.3549,0.9681,101.3281,-21.8372,classical,Synthetic Artist,73
SAMPLE01116,Classical Track 1116,0.1424,0.4367,0.2647,0.8614,111.221,-23.1035,classical,Synthetic Artist,68
SAMPLE01117,Classical Track 1117,0.1646,0.0294,0.2442,0.9347,68.3728,-20.1266,classical,Synthetic Artist,12
SAMPLE01118,Classical Track 1118,0.242,0.0387,0.4488,0.7758,93.4756,-14.752,classical,Synthetic Artist,35
SAMPLE01119,Classical Track 1119,0.2476,0.4216,0.1438,1.0,59.9002,-16.663,classical,Synthetic Artist,27
SAMPLE01120,Classical Track 1120,0.5398,0.2737,0.2247,0.9096,124.4334,-17.3167,classical,Synthetic Artist,59
SAMPLE01121,Classical Track 1121,0.4202,0.4981,0.0539,1.0,110.3106,-16.4543,classical,Synthetic Artist,57
SAMPLE01122,Classical Track 1122,0.4133,0.1124,0.5054,0.8999,52.3349,-30.6869,classical,Synthetic Artist,1
SAMPLE01123,Classical Track 1123,0.2683,0.1989,0.3206,0.9064,116.2469,-27.1431,classical,Synthetic Artist,45
SAMPLE01124,Classical Track 1124,0.2656,0.0809,0.1226,0.7988,103.1917,-23.8245,classical,Synthetic Artist,64
SAMPLE01125,Classical Track 1125,0.1258,0.2015,0.2294,0.996,121.5253,-26.2262,classical,Synthetic Artist,53
SAMPLE01126,Classical Track 1126,0.3938,0.0,0.3417,0.8324,92.471,-29.4672,classical,Synthetic Artist,53
SAMPLE01127,Classical Track 1127,0.3589,0.2827,0.2049,0.8714,79.3527,-32.6166,classical,Synthetic Artist,43
SAMPLE01128,Classical Track 1128,0.4543,0.2285,0.1538,0.9201,80.333,-29.788,classical,Synthetic Artist,31
SAMPLE01129,Classical Track 1129,0.2747,0.1714,0.1322,0.9321,87.7786,-23.591,classical,Synthetic Artist,50
SAMPLE01130,Classical Track 1130,0.283,0.1214,0.311,0.7494,105.6024,-22.7679,classical,Synthetic Artist,51
SAMPLE01131,Classical Track 1131,0.3204,0.0458,0.1856,0.8969,109.7347,-27.5636,classical,Synthetic Artist,61
SAMPLE01132,Classical Track 1132,0.407,0.2892,0.1683,0.9995,98.897,-20.8715,classical,Synthetic Artist,63
SAMPLE01133,Classical Track 1133,0.1236,0.0043,0.0095,0.8822,91.4538,-25.657,classical,Synthetic Artist,52
SAMPLE01134,Classical Track 1134,0.3883,0.2568,0.264,0.8975,93.7551,-14.9959,classical,Synthetic Artist,70
SAMPLE01135,Classical Track 1135,0.2975,0.4912,0.2174,0.9362,185.2472,-21.1027,classical,Synthetic Artist,43
SAMPLE01136,Classical Track 1136,0.173,0.4028,0.1921,0.9074,80.3368,-16.485,classical,Synthetic Artist,24
SAMPLE01137,Classical Track 1137,0.0498,0.0,0.2858,0.8169,87.1449,-21.8607,classical,Synthetic Artist,59
SAMPLE01138,Classical Track 1138,0.2836,0.0995,0.3846,0.9164,210.4033,-30.8955,classical,Synthetic Artist,52
SAMPLE01139,Classical Track 1139,0.4737,0.2432,0.3763,1.0,118.4724,-22.1646,classical,Synthetic Artist,59
SAMPLE01140,Classical Track 1140,0.501,0.1695,0.3495,0.8149,60.8406,-29.477,classical,Synthetic Artist,27
SAMPLE01141,Classical Track 1141,0.3426,0.0,0.2067,0.8826,131.966,-23.7287,classical,Synthetic Artist,82
SAMPLE01142,Classical Track 1142,0.5354,0.2378,0.1479,0.7818,75.8788,-26.124,classical,Synthetic Artist,63
SAMPLE01143,Classical Track 1143,0.2948,0.1785,0.0621,1.0,134.09,-19.7172,classical,Synthetic Artist,45
SAMPLE01144,Classical Track 1144,0.4144,0.4671,0.1432,0.9108,98.2492,-28.3312,classical,Synthetic Artist,33
SAMPLE01145,Classical Track 1145,0.2459,0.142,0.2535,0.835,90.9265,-22.1397,classical,Synthetic Artist,69
SAMPLE01146,Classical Track 1146,0.2382,0.3552,0.1085,0.9292,156.4933,-17.5143,classical,Synthetic Artist,30
SAMPLE01147,Classical Track 1147,0.2187,0.0,0.2673,0.7996,123.1248,-17.6344,classical,Synthetic Artist,91
SAMPLE01148,Classical Track 1148,0.0527,0.0258,0.0762,0.8167,136.1357,-27.5102,classical,Synthetic Artist,39
SAMPLE01149,Classical Track 1149,0.4545,0.2882,0.0,0.774,118.9174,-21.244,classical,Synthetic Artist,81
SAMPLE01150,Classical Track 1150,0.223,0.3426,0.3975,0.8133,90.7778,-19.9198,classical,Synthetic Artist,47
SAMPLE01151,Classical Track 1151,0.2038,0.0364,0.1646,1.0,124.5633,-13.5789,classical,Synthetic Artist,78
SAMPLE01152,Classical Track 1152,0.1584,0.1836,0.0993,0.8467,143.6949,-30.8663,classical,Synthetic Artist,37
SAMPLE01153,Classical Track 1153,0.2755,0.0,0.0531,0.9666,109.3116,-28.5466,classical,Synthetic Artist,50
SAMPLE01154,Classical Track 1154,0.5116,0.1528,0.3261,0.8364,162.6526,-5.3363,classical,Synthetic Artist,64
SAMPLE01155,Classical Track 1155,0.5513,0.3055,0.4975,0.996,132.2156,-22.8854,classical,Synthetic Artist,62
SAMPLE01156,Classical Track 1156,0.1007,0.1148,0.1774,0.8174,111.7834,-33.7374,classical,Synthetic Artist,70
SAMPLE01157,Classical Track 1157,0.2575,0.1426,0.2112,0.9239,113.0476,-25.7194,classical,Synthetic Artist,41
SAMPLE01158,Classical Track 1158,0.1759,0.0105,0.4429,0.9253,109.3916,-39.6301,classical,Synthetic Artist,52
SAMPLE01159,Classical Track 1159,0.4186,0.0827,0.0,1.0,64.9604,-21.138,classical,Synthetic Artist,72
SAMPLE01160,Classical Track 1160,0.3344,0.4437,0.604,0.983,102.1177,-15.559,classical,Synthetic Artist,37
SAMPLE01161,Classical Track 1161,0.2236,0.1909,0.6899,0.8607,112.078,-27.4043,classical,Synthetic Artist,60
SAMPLE01162,Classical Track 1162,0.3087,0.0297,0.0,0.9885,91.6853,-25.7264,classical,Synthetic Artist,46
SAMPLE01163,Classical Track 1163,0.2427,0.1328,0.2324,1.0,115.8057,-16.7414,classical,Synthetic Artist,54
SAMPLE01164,Classical Track 1164,0.4937,0.0,0.1206,0.757,105.6818,-33.5813,classical,Synthetic Artist,52
SAMPLE01165,Classical Track 1165,0.3656,0.0279,0.2023,0.8358,129.7581,-30.8422,classical,Synthetic Artist,36
SAMPLE01166,Classical Track 1166,0.3804,0.3841,0.1747,0.8963,126.2196,-22.1444,classical,Synthetic Artist,45
SAMPLE01167,Classical Track 1167,0.0,0.1586,0.3961,0.8783,110.3489,-26.6422,classical,Synthetic Artist,53
SAMPLE01168,Classical Track 1168,0.292,0.4636,0.2297,0.8867,61.2492,-22.0615,classical,Synthetic Artist,48
SAMPLE01169,Classical Track 1169,0.55,0.1657,0.086,0.7896,162.3031,-29.6683,classical,Synthetic Artist,78
SAMPLE01170,Classical Track 1170,0.4591,0.1746,0.219,1.0,100.4595,-20.7465,classical,Synthetic Artist,68
SAMPLE01171,Classical Track 1171,0.0783,0.2761,0.3427,0.7777,102.4116,-22.3186,classical,Synthetic Artist,55
SAMPLE01172,Classical Track 1172,0.2624,0.0,0.0369,0.9,94.0393,-19.7849,classical,Synthetic Artist,36
SAMPLE01173,Classical Track 1173,0.1558,0.2107,0.0,1.0,89.3708,-20.6132,classical,Synthetic Artist,35
SAMPLE01174,Classical Track 1174,0.5053,0.1727,0.6087,0.917,154.4099,-20.8039,classical,Synthetic Artist,86
SAMPLE01175,Classical Track 1175,0.3293,0.4029,0.1344,0.8221,149.3534,-29.3404,classical,Synthetic Artist,32
SAMPLE01176,Classical Track 1176,0.2079,0.3247,0.2253,0.7851,119.2206,-18.1762,classical,Synthetic Artist,52
SAMPLE01177,Classical Track 1177,0.3041,0.0099,0.1784,0.897,101.56,-25.0055,classical,Synthetic Artist,56
SAMPLE01178,Classical Track 1178,0.0,0.3663,0.3487,0.8443,124.8118,-21.8817,classical,Synthetic Artist,44
SAMPLE01179,Classical Track 1179,0.1698,0.1407,0.5691,0.9405,107.3615,-15.9465,classical,Synthetic Artist,32
SAMPLE01180,Classical Track 1180,0.3044,0.0443,0.3544,0.7799,98.9129,-27.1306,classical,Synthetic Artist,36
SAMPLE01181,Classical Track 1181,0.4015,0.2096,0.0,1.0,115.8194,-13.7155,classical,Synthetic Artist,40
SAMPLE01182,Classical Track 1182,0.067,0.1496,0.0009,0.9316,90.883,-13.5156,classical,Synthetic Artist,37
SAMPLE01183,Classical Track 1183,0.2543,0.4108,0.1782,0.939,113.0725,-16.0987,classical,Synthetic Artist,74
SAMPLE01184,Classical Track 1184,0.4212,0.2311,0.2017,1.0,111.5351,-27.5772,classical,Synthetic Artist,50
SAMPLE01185,Classical Track 1185,0.1258,0.2108,0.0,0.8762,124.294,-34.9327,classical,Synthetic Artist,41
SAMPLE01186,Classical Track 1186,0.3275,0.3151,0.3975,0.8474,85.1876,-14.7164,classical,Synthetic Artist,52
SAMPLE01187,Classical Track 1187,0.3079,0.3439,0.0545,0.8652,127.7244,-20.3481,classical,Synthetic Artist,62
SAMPLE01188,Classical Track 1188,0.5057,0.2975,0.5188,0.9007,75.998,-25.7659,classical,Synthetic Artist,44
SAMPLE01189,Classical Track 1189,0.2724,0.3929,0.5777,0.9109,86.6779,-13.6811,classical,Synthetic Artist,66
SAMPLE01190,Classical Track 1190,0.2794,0.2713,0.2053,0.8369,88.0744,-26.6215,classical,Synthetic Artist,27
SAMPLE01191,Classical Track 1191,0.4026,0.2051,0.329,0.7177,70.6943,-24.394,classical,Synthetic Artist,71
SAMPLE01192,Classical Track 1192,0.1408,0.3659,0.0282,0.8639,137.5012,-17.7354,classical,Synthetic Artist,50
SAMPLE01193,Classical Track 1193,0.2735,0.1664,0.3623,0.956,73.9903,-28.7634,classical,Synthetic Artist,49
SAMPLE01194,Classical Track 1194,0.2453,0.185,0.1603,0.9336,82.6347,-22.627,classical,Synthetic Artist,38
SAMPLE01195,Classical Track 1195,0.2833,0.4382,0.0543,1.0,145.173,-13.9158,classical,Synthetic Artist,28
SAMPLE01196,Classical Track 1196,0.4018,0.4233,0.1979,1.0,86.7414,-19.2736,classical,Synthetic Artist,20
SAMPLE01197,Classical Track 1197,0.3665,0.1788,0.1662,0.9959,98.9794,-14.5228,classical,Synthetic Artist,36
SAMPLE01198,Classical Track 1198,0.2102,0.112,0.1915,1.0,72.6151,-15.6066,classical,Synthetic Artist,61
SAMPLE01199,Classical Track 1199,0.3164,0.3995,0.4209,0.9967,131.6544,-20.6367,classical,Synthetic Artist,33
SAMPLE01200,Classical Track 1200,0.4789,0.3001,0.1086,1.0,132.0956,-35.3001,classical,Synthetic Artist,22
SAMPLE01201,Classical Track 1201,0.2002,0.2273,0.5623,1.0,128.6463,-28.3506,classical,Synthetic Artist,34
SAMPLE01202,Classical Track 1202,0.3174,0.1317,0.0115,1.0,122.201,-17.7097,classical,Synthetic Artist,43
SAMPLE01203,Classical Track 1203,0.2768,0.2298,0.5408,0.9906,107.3549,-31.003,classical,Synthetic Artist,44
SAMPLE01204,Classical Track 1204,0.2924,0.1767,0.067,0.8995,88.2199,-23.9797,classical,Synthetic Artist,48
SAMPLE01205,Classical Track 1205,0.1043,0.0803,0.2498,0.9159,78.921,-20.567,classical,Synthetic Artist,69
SAMPLE01206,Classical Track 1206,0.4693,0.1994,0.1618,0.8862,146.277,-13.0664,classical,Synthetic Artist,72
SAMPLE01207,Classical Track 1207,0.2071,0.2198,0.1881,0.9821,129.4737,-25.2112,classical,Synthetic Artist,86
SAMPLE01208,Classical Track 1208,0.4231,0.1237,0.3942,0.848,82.8143,-26.1988,classical,Synthetic Artist,21
SAMPLE01209,Classical Track 1209,0.2254,0.3156,0.52,0.9009,106.2746,-21.5012,classical,Synthetic Artist,35
SAMPLE01210,Classical Track 1210,0.2249,0.3733,0.4643,0.6845,95.3963,-18.7346,classical,Synthetic Artist,63
SAMPLE01211,Classical Track 1211,0.4456,0.3255,0.1771,1.0,68.8973,-22.0526,classical,Synthetic Artist,42
SAMPLE01212,Classical Track 1212,0.4193,0.1386,0.2832,0.898,110.6848,-15.953,classical,Synthetic Artist,65
SAMPLE01213,Classical Track 1213,0.325,0.2934,0.1092,0.9656,91.7042,-26.1146,classical,Synthetic Artist,54
SAMPLE01214,Classical Track 1214,0.3913,0.1917,0.0715,1.0,74.5188,-21.2089,classical,Synthetic Artist,78
SAMPLE01215,Classical Track 1215,0.2654,0.0,0.0437,0.95,57.6678,-20.4087,classical,Synthetic Artist,69
SAMPLE01216,Classical Track 1216,0.299,0.2809,0.1712,1.0,54.9583,-23.7959,classical,Synthetic Artist,69
SAMPLE01217,Classical Track 1217,0.2206,0.2019,0.2949,0.7958,93.1144,-16.8302,classical,Synthetic Artist,43
SAMPLE01218,Classical Track 1218,0.4085,0.569,0.0,1.0,102.277,-18.7721,classical,Synthetic Artist,48
SAMPLE01219,Classical Track 1219,0.2168,0.3986,0.2417,1.0,76.9904,-15.9554,classical,Synthetic Artist,45
SAMPLE01220,Classical Track 1220,0.4782,0.2867,0.5229,0.9409,125.8237,-20.1953,classical,Synthetic Artist,23
SAMPLE01221,Classical Track 1221,0.2621,0.2174,0.4519,1.0,102.9025,-19.5173,classical,Synthetic Artist,76
SAMPLE01222,Classical Track 1222,0.3025,0.2046,0.1447,0.8031,123.4603,-25.647,classical,Synthetic Artist,63
SAMPLE01223,Classical Track 1223,0.391,0.0294,0.0,0.8911,99.1469,-26.688,classical,Synthetic Artist,44
SAMPLE01224,Classical Track 1224,0.3029,0.0,0.3328,1.0,79.8122,-15.7336,classical,Synthetic Artist,73
SAMPLE01225,Classical Track 1225,0.2643,0.0491,0.0,0.7333,108.6518,-18.9722,classical,Synthetic Artist,39
SAMPLE01226,Classical Track 1226,0.2964,0.1728,0.4498,0.976,64.5944,-28.1807,classical,Synthetic Artist,17
SAMPLE01227,Classical Track 1227,0.4073,0.0,0.2116,0.9732,122.262,-21.9948,classical,Synthetic Artist,68
SAMPLE01228,Classical Track 1228,0.2205,0.0984,0.5796,1.0,75.0112,-36.7325,classical,Synthetic Artist,27
SAMPLE01229,Classical Track 1229,0.2849,0.1429,0.0,0.7617,134.3834,-25.6665,classical,Synthetic Artist,46
SAMPLE01230,Classical Track 1230,0.3012,0.1477,0.4153,1.0,94.1694,-16.4277,classical,Synthetic Artist,54
SAMPLE01231,Classical Track 1231,0.4038,0.0807,0.2319,0.8641,139.0011,-23.3464,classical,Synthetic Artist,57
SAMPLE01232,Classical Track 1232,0.288,0.1288,0.1904,0.8753,69.0761,-21.5999,classical,Synthetic Artist,65
SAMPLE01233,Classical Track 1233,0.517,0.4386,0.0034,0.7978,83.3114,-38.4485,classical,Synthetic Artist,60
SAMPLE01234,Classical Track 1234,0.2812,0.2793,0.3572,0.8112,117.1899,-23.7576,classical,Synthetic Artist,60
SAMPLE01235,Classical Track 1235,0.2715,0.096,0.3717,0.9604,142.4559,-20.4746,classical,Synthetic Artist,36
SAMPLE01236,Classical Track 1236,0.2795,0.1697,0.5713,0.8088,158.3315,-19.2698,classical,Synthetic Artist,55
SAMPLE01237,Classical Track 1237,0.142,0.1758,0.4314,0.994,106.3237,-16.2513,classical,Synthetic Artist,23
SAMPLE01238,Classical Track 1238,0.1756,0.0648,0.1431,0.8537,163.8079,-23.9527,classical,Synthetic Artist,78
SAMPLE01239,Classical Track 1239,0.2363,0.0646,0.0693,0.7987,95.7307,-23.6862,classical,Synthetic Artist,25
SAMPLE01240,Classical Track 1240,0.4363,0.3316,0.0037,0.8672,140.1606,-29.0832,classical,Synthetic Artist,44
SAMPLE01241,Classical Track 1241,0.296,0.117,0.5152,0.9537,74.8502,-23.6049,classical,Synthetic Artist,26
SAMPLE01242,Classical Track 1242,0.2418,0.0158,0.1099,0.8923,118.4464,-30.5547,classical,Synthetic Artist,37
SAMPLE01243,Classical Track 1243,0.4472,0.1735,0.5164,0.9234,50.0,-33.126,classical,Synthetic Artist,50
SAMPLE01244,Classical Track 1244,0.4861,0.1977,0.3445,0.9896,69.1091,-28.4049,classical,Synthetic Artist,40
SAMPLE01245,Classical Track 1245,0.4506,0.0,0.3094,1.0,119.9337,-14.0279,classical,Synthetic Artist,71
SAMPLE01246,Classical Track 1246,0.1976,0.1739,0.1948,0.889,63.002,-23.66,classical,Synthetic Artist,54
SAMPLE01247,Classical Track 1247,0.2406,0.3102,0.3689,0.8156,118.6624,-19.8996,classical,Synthetic Artist,42
SAMPLE01248,Classical Track 1248,0.5176,0.2477,0.2472,0.9276,134.0067,-24.6749,classical,Synthetic Artist,48
SAMPLE01249,Classical Track 1249,0.3289,0.5145,0.1835,0.9671,88.9578,-30.7365,classical,Synthetic Artist,72
SAMPLE01250,Jazz Track 1250,0.6311,0.226,0.5734,0.4826,113.0545,-22.9512,jazz,Synthetic Artist,66
SAMPLE01251,Jazz Track 1251,0.1959,0.3835,0.772,0.6083,118.2916,-13.8094,jazz,Synthetic Artist,30
SAMPLE01252,Jazz Track 1252,0.4223,0.0,0.7675,0.5182,89.3948,-7.2328,jazz,Synthetic Artist,38
SAMPLE01253,Jazz Track 1253,0.4924,0.3476,0.4008,0.9779,68.555,-17.1582,jazz,Synthetic Artist,59
SAMPLE01254,Jazz Track 1254,0.5323,0.4061,0.5427,0.5994,78.196,-9.7766,jazz,Synthetic Artist,56
SAMPLE01255,Jazz Track 1255,0.3983,0.2991,0.0899,0.6888,113.494,-16.4652,jazz,Synthetic Artist,31
SAMPLE01256,Jazz Track 1256,0.2427,0.4446,0.5218,0.7934,103.2402,-13.1841,jazz,Synthetic Artist,63
SAMPLE01257,Jazz Track 1257,0.3878,0.3903,0.3253,0.4648,67.9167,-8.2923,jazz,Synthetic Artist,34
SAMPLE01258,Jazz Track 1258,0.3952,0.2525,0.459,0.6984,110.8803,-16.1418,jazz,Synthetic Artist,73
SAMPLE01259,Jazz Track 1259,0.3918,0.0015,0.1292,0.7186,102.4471,-19.1966,jazz,Synthetic Artist,60
SAMPLE01260,Jazz Track 1260,0.6358,0.374,0.5891,0.2615,76.8145,-7.4746,jazz,Synthetic Artist,30
SAMPLE01261,Jazz Track 1261,0.3301,0.1784,0.1268,0.7132,100.8946,-14.8243,jazz,Synthetic Artist,40
SAMPLE01262,Jazz Track 1262,0.5421,0.2459,0.5326,0.6386,102.3714,-9.7142,jazz,Synthetic Artist,40
SAMPLE01263,Jazz Track 1263,0.5222,0.4362,0.2302,0.6825,93.5009,-16.5662,jazz,Synthetic Artist,53
SAMPLE01264,Jazz Track 1264,0.6345,0.6051,0.3131,0.6589,139.8001,-6.1392,jazz,Synthetic Artist,46
SAMPLE01265,Jazz Track 1265,0.4814,0.3431,0.754,0.7148,54.913,-12.8098,jazz,Synthetic Artist,29
SAMPLE01266,Jazz Track 1266,0.6108,0.4497,0.6293,0.9843,52.426,-11.4451,jazz,Synthetic Artist,25
SAMPLE01267,Jazz Track 1267,0.4759,0.09,0.7528,0.3551,112.0986,-14.9677,jazz,Synthetic Artist,60
SAMPLE01268,Jazz Track 1268,0.5608,0.3942,0.8431,0.5645,114.8838,-16.0095,jazz,Synthetic Artist,55
SAMPLE01269,Jazz Track 1269,0.2896,0.3392,0.33,0.8167,124.1265,-14.0723,jazz,Synthetic Artist,52
SAMPLE01270,Jazz Track 1270,0.1306,0.5713,0.8298,0.7702,95.8308,-14.6641,jazz,Synthetic Artist,55
SAMPLE01271,Jazz Track 1271,0.5529,0.2527,0.1776,0.7649,84.4623,-10.2657,jazz,Synthetic Artist,39
SAMPLE01272,Jazz Track 1272,0.5604,0.3065,0.6641,1.0,111.7805,-15.1747,jazz,Synthetic Artist,53
SAMPLE01273,Jazz Track 1273,0.5666,0.5406,0.3915,0.8035,98.7527,-19.5908,jazz,Synthetic Artist,96
SAMPLE01274,Jazz Track 1274,0.4265,0.3334,0.2953,0.9327,158.5321,-21.6568,jazz,Synthetic Artist,71
SAMPLE01275,Jazz Track 1275,0.7086,0.1504,0.6352,0.5732,102.2732,-22.9678,jazz,Synthetic Artist,45
SAMPLE01276,Jazz Track 1276,0.4356,0.8093,0.7079,0.4018,110.4044,-8.4634,jazz,Synthetic Artist,41
SAMPLE01277,Jazz Track 1277,0.5589,0.1559,0.7014,0.5714,186.2625,-20.3466,jazz,Synthetic Artist,0
SAMPLE01278,Jazz Track 1278,0.5832,0.3384,0.5473,0.828,106.1572,-12.7195,jazz,Synthetic Artist,69
SAMPLE01279,Jazz Track 1279,0.7406,0.4124,0.529,0.7517,128.6847,-13.011,jazz,Synthetic Artist,64
SAMPLE01280,Jazz Track 1280,0.4556,0.3982,0.6159,0.7508,131.3893,-14.0022,jazz,Synthetic Artist,40
SAMPLE01281,Jazz Track 1281,0.4086,0.3158,0.5668,0.5964,133.942,-12.2321,jazz,Synthetic Artist,24
SAMPLE01282,Jazz Track 1282,0.2903,0.3167,0.6191,0.5565,120.6846,-13.4872,jazz,Synthetic Artist,29
SAMPLE01283,Jazz Track 1283,0.7173,0.3077,0.5449,0.605,117.8152,-26.4475,jazz,Synthetic Artist,58
SAMPLE01284,Jazz Track 1284,0.559,0.1491,0.6854,0.8311,115.01,-16.6615,jazz,Synthetic Artist,48
SAMPLE01285,Jazz Track 1285,0.5634,0.737,0.142,0.8602,94.7202,-9.7648,jazz,Synthetic Artist,62
SAMPLE01286,Jazz Track 1286,0.9363,0.3104,0.4711,0.3984,121.7656,-6.8563,jazz,Synthetic Artist,52
SAMPLE01287,Jazz Track 1287,0.5455,0.4574,0.1956,0.8406,172.8594,-5.7663,jazz,Synthetic Artist,67
SAMPLE01288,Jazz Track 1288,0.3177,0.2898,0.5609,0.4873,148.3205,-20.4956,jazz,Synthetic Artist,57
SAMPLE01289,Jazz Track 1289,0.4726,0.2861,0.8612,0.7672,121.1175,-15.9569,jazz,Synthetic Artist,65
SAMPLE01290,Jazz Track 1290,0.3635,0.268,0.3957,0.602,137.6749,-21.5394,jazz,Synthetic Artist,12
SAMPLE01291,Jazz Track 1291,0.4446,0.071,0.528,1.0,85.9247,-8.8344,jazz,Synthetic Artist,28
SAMPLE01292,Jazz Track 1292,0.4436,0.3211,0.6664,0.5455,104.1846,-9.6156,jazz,Synthetic Artist,43
SAMPLE01293,Jazz Track 1293,0.4178,0.2767,0.0451,0.6947,140.4355,-12.8619,jazz,Synthetic Artist,69
SAMPLE01294,Jazz Track 1294,0.3049,0.5609,0.3851,0.8016,156.615,-11.9873,jazz,Synthetic Artist,84
SAMPLE01295,Jazz Track 1295,0.723,0.1346,0.5802,0.4315,88.874,-9.0796,jazz,Synthetic Artist,47
SAMPLE01296,Jazz Track 1296,0.5418,0.2461,0.0,0.6318,97.4924,-9.1724,jazz,Synthetic Artist,39
SAMPLE01297,Jazz Track 1297,0.4684,0.1883,0.2851,0.5834,177.4413,-9.7591,jazz,Synthetic Artist,15
SAMPLE01298,Jazz Track 1298,0.6061,0.6097,0.7422,0.5215,114.8878,-10.387,jazz,Synthetic Artist,66
SAMPLE01299,Jazz Track 1299,0.5659,0.1935,0.7207,0.5401,166.7009,-16.5105,jazz,Synthetic Artist,40
SAMPLE01300,Jazz Track 1300,0.5386,0.4512,0.5824,0.928,118.2057,-9.9407,jazz,Synthetic Artist,100
SAMPLE01301,Jazz Track 1301,0.5959,0.5246,0.6941,0.5004,119.3854,-9.28,jazz,Synthetic Artist,37
SAMPLE01302,Jazz Track 1302,0.5188,0.3237,0.5473,0.7916,102.8353,-15.0157,jazz,Synthetic Artist,88
SAMPLE01303,Jazz Track 1303,0.5938,0.1022,0.6222,0.7286,140.2767,-17.0676,jazz,Synthetic Artist,63
SAMPLE01304,Jazz Track 1304,0.6054,0.1045,0.4306,0.3008,152.7333,-10.3734,jazz,Synthetic Artist,31
SAMPLE01305,Jazz Track 1305,0.5228,0.5048,0.5255,0.7798,80.9499,-5.5829,jazz,Synthetic Artist,54
SAMPLE01306,Jazz Track 1306,0.4691,0.1231,0.3609,0.2966,101.4265,-18.7337,jazz,Synthetic Artist,64
SAMPLE01307,Jazz Track 1307,0.7143,0.4206,0.778,0.807,139.4524,-14.7618,jazz,Synthetic Artist,46
SAMPLE01308,Jazz Track 1308,0.4331,0.3706,0.8347,0.5232,108.1135,-12.2973,jazz,Synthetic Artist,65
SAMPLE01309,Jazz Track 1309,0.5548,0.4179,0.8036,0.6521,97.1984,-11.403,jazz,Synthetic Artist,65
SAMPLE01310,Jazz Track 1310,0.5579,0.4349,0.4102,0.3264,142.2863,-15.8413,jazz,Synthetic Artist,61
SAMPLE01311,Jazz Track 1311,0.4147,0.1819,0.2902,0.6806,145.1036,-6.5325,jazz,Synthetic Artist,50
SAMPLE01312,Jazz Track 1312,0.3869,0.1744,0.7809,0.8817,98.5107,-13.1541,jazz,Synthetic Artist,29
SAMPLE01313,Jazz Track 1313,0.4505,0.4787,0.6197,0.4483,118.371,-10.8367,jazz,Synthetic Artist,49
SAMPLE01314,Jazz Track 1314,0.4311,0.2367,0.5723,0.4982,75.7458,-6.7647,jazz,Synthetic Artist,53
SAMPLE01315,Jazz Track 1315,0.2959,0.0,0.3606,0.7637,85.1356,-18.1208,jazz,Synthetic Artist,16
SAMPLE01316,Jazz Track 1316,0.4088,0.4668,0.5936,0.7699,115.725,-13.6973,jazz,Synthetic Artist,53
SAMPLE01317,Jazz Track 1317,0.5373,0.1635,0.2612,0.0415,112.9422,-20.7591,jazz,Synthetic Artist,48
SAMPLE01318,Jazz Track 1318,0.6772,0.4341,0.6395,1.0,82.9937,-14.2711,jazz,Synthetic Artist,27
SAMPLE01319,Jazz Track 1319,0.5776,0.6007,0.8034,0.7821,90.5208,-19.1959,jazz,Synthetic Artist,44
SAMPLE01320,Jazz Track 1320,0.1361,0.353,0.8588,0.8242,80.0487,-10.6166,jazz,Synthetic Artist,44
SAMPLE01321,Jazz Track 1321,0.5898,0.5292,0.6559,0.6141,125.6518,-11.0346,jazz,Synthetic Artist,85
SAMPLE01322,Jazz Track 1322,0.4219,0.3777,0.196,0.1862,52.9708,-15.0807,jazz,Synthetic Artist,54
SAMPLE01323,Jazz Track 1323,0.5634,0.6357,0.5434,0.8187,81.6527,-12.7375,jazz,Synthetic Artist,69
SAMPLE01324,Jazz Track 1324,0.498,0.1588,0.9707,0.5087,56.1118,-11.7205,jazz,Synthetic Artist,48
SAMPLE01325,Jazz Track 1325,0.473,0.3485,0.3089,0.786,124.5706,-19.12,jazz,Synthetic Artist,16
SAMPLE01326,Jazz Track 1326,0.4857,0.4712,0.487,0.5953,57.918,-12.3542,jazz,Synthetic Artist,62
SAMPLE01327,Jazz Track 1327,0.4969,0.3157,0.811,0.7095,112.9519,-11.0579,jazz,Synthetic Artist,38
SAMPLE01328,Jazz Track 1328,0.6882,0.5574,0.6358,0.4563,161.1857,-20.7758,jazz,Synthetic Artist,44
SAMPLE01329,Jazz Track 1329,0.4972,0.2722,1.0,0.8661,162.203,-11.3844,jazz,Synthetic Artist,31
SAMPLE01330,Jazz Track 1330,0.652,0.7225,0.3388,0.3529,57.8228,-19.2984,jazz,Synthetic Artist,51
SAMPLE01331,Jazz Track 1331,0.6316,0.732,0.2823,1.0,120.9523,-12.2372,jazz,Synthetic Artist,69
SAMPLE01332,Jazz Track 1332,0.5934,0.4008,0.7693,1.0,82.3309,-18.9306,jazz,Synthetic Artist,67
SAMPLE01333,Jazz Track 1333,0.2499,0.4495,0.2369,1.0,76.2059,-6.9626,jazz,Synthetic Artist,79
SAMPLE01334,Jazz Track 1334,0.6563,0.5645,0.4567,0.9689,108.5959,-17.92,jazz,Synthetic Artist,81
SAMPLE01335,Jazz Track 1335,0.4359,0.1363,0.4856,0.6289,148.8487,-22.708,jazz,Synthetic Artist,13
SAMPLE01336,Jazz Track 1336,0.6002,0.1138,0.7279,0.9416,129.9898,-14.8169,jazz,Synthetic Artist,29
SAMPLE01337,Jazz Track 1337,0.3638,0.5762,0.6351,0.626,90.5458,-14.5047,jazz,Synthetic Artist,17
SAMPLE01338,Jazz Track 1338,0.3341,0.3993,0.6006,0.2616,133.151,-20.4748,jazz,Synthetic Artist,61
SAMPLE01339,Jazz Track 1339,0.7767,0.3092,0.4115,1.0,50.0,-11.8785,jazz,Synthetic Artist,38
SAMPLE01340,Jazz Track 1340,0.366,0.352,0.7673,0.9322,89.4116,-22.9497,jazz,Synthetic Artist,41
SAMPLE01341,Jazz Track 1341,0.6605,0.0,1.0,0.6422,87.2833,-20.7631,jazz,Synthetic Artist,46
SAMPLE01342,Jazz Track 1342,0.5166,0.3157,0.6521,0.3437,114.3496,-16.7943,jazz,Synthetic Artist,57
SAMPLE01343,Jazz Track 1343,0.4412,0.2145,0.5219,0.5034,105.9152,-11.2033,jazz,Synthetic Artist,23
SAMPLE01344,Jazz Track 1344,0.4937,0.5153,0.2145,0.1947,107.7559,-7.1789,jazz,Synthetic Artist,27
SAMPLE01345,Jazz Track 1345,0.3178,0.5291,0.3598,0.8863,106.7584,-7.9628,jazz,Synthetic Artist,50
SAMPLE01346,Jazz Track 1346,0.4981,0.4538,0.453,0.2492,112.6722,-14.0669,jazz,Synthetic Artist,72
SAMPLE01347,Jazz Track 1347,0.3484,0.4212,0.3824,0.7217,128.2039,-24.4958,jazz,Synthetic Artist,50
SAMPLE01348,Jazz Track 1348,0.4446,0.0805,0.4965,0.4391,116.4799,-13.8583,jazz,Synthetic Artist,36
SAMPLE01349,Jazz Track 1349,0.6295,0.4563,0.8912,0.2933,103.4694,-6.7445,jazz,Synthetic Artist,11
SAMPLE01350,Jazz Track 1350,0.5356,0.4633,0.7744,0.7096,124.0524,-7.7682,jazz,Synthetic Artist,67
SAMPLE01351,Jazz Track 1351,0.2925,0.5741,0.4651,0.5666,136.7837,-10.5719,jazz,Synthetic Artist,37
SAMPLE01352,Jazz Track 1352,0.6192,0.7313,0.2342,0.8595,95.3192,-17.0651,jazz,Synthetic Artist,29
SAMPLE01353,Jazz Track 1353,0.499,0.0453,0.7942,0.3331,110.2179,-18.1918,jazz,Synthetic Artist,19
SAMPLE01354,Jazz Track 1354,0.4241,0.2801,0.4892,0.4607,146.8572,-5.7174,jazz,Synthetic Artist,24
SAMPLE01355,Jazz Track 1355,0.6045,0.2164,0.1202,0.0531,78.9172,-21.1769,jazz,Synthetic Artist,33
SAMPLE01356,Jazz Track 1356,0.4766,0.3811,0.6567,0.1039,166.1411,-18.979,jazz,Synthetic Artist,46
SAMPLE01357,Jazz Track 1357,0.3368,0.3524,0.7257,1.0,71.8254,-9.744,jazz,Synthetic Artist,28
SAMPLE01358,Jazz Track 1358,0.7587,0.3079,0.0,1.0,101.6391,-16.193,jazz,Synthetic Artist,53
SAMPLE01359,Jazz Track 1359,0.4976,0.535,0.3186,0.6732,83.4943,-18.2081,jazz,Synthetic Artist,46
SAMPLE01360,Jazz Track 1360,0.4886,0.1517,0.4757,0.444,177.6378,-8.3137,jazz,Synthetic Artist,90
SAMPLE01361,Jazz Track 1361,0.4433,0.1626,0.6616,0.5754,96.8995,-13.0497,jazz,Synthetic Artist,19
SAMPLE01362,Jazz Track 1362,0.6652,0.1656,0.3865,0.8684,96.9748,-16.8243,jazz,Synthetic Artist,53
SAMPLE01363,Jazz Track 1363,0.4265,0.2851,0.3169,0.5214,100.8775,-19.5451,jazz,Synthetic Artist,53
SAMPLE01364,Jazz Track 1364,0.2837,0.1289,0.66,0.7094,114.8681,-6.1135,jazz,Synthetic Artist,31
SAMPLE01365,Jazz Track 1365,0.405,0.3413,0.397,0.6468,102.1467,-14.1625,jazz,Synthetic Artist,52
SAMPLE01366,Jazz Track 1366,0.6857,0.3202,0.6193,0.5078,108.0134,-7.8908,jazz,Synthetic Artist,64
SAMPLE01367,Jazz Track 1367,0.6165,0.2084,0.2555,0.5185,50.0,-10.8281,jazz,Synthetic Artist,52
SAMPLE01368,Jazz Track 1368,0.4643,0.5073,0.2025,0.7233,113.7148,-15.4004,jazz,Synthetic Artist,75
SAMPLE01369,Jazz Track 1369,0.6923,0.3393,0.6662,0.4058,112.5342,-16.3725,jazz,Synthetic Artist,11
SAMPLE01370,Jazz Track 1370,0.6047,0.5413,0.5556,0.7629,143.1571,-6.3439,jazz,Synthetic Artist,35
SAMPLE01371,Jazz Track 1371,0.4627,0.3149,0.7029,0.5321,151.2718,-7.6293,jazz,Synthetic Artist,77
SAMPLE01372,Jazz Track 1372,0.4768,0.3456,0.3828,0.6818,106.3688,-22.4723,jazz,Synthetic Artist,66
SAMPLE01373,Jazz Track 1373,0.5461,0.2487,0.3251,0.996,136.4869,-12.1338,jazz,Synthetic Artist,60
SAMPLE01374,Jazz Track 1374,0.3835,0.3487,0.7994,0.608,78.9529,-14.5531,jazz,Synthetic Artist,72
SAMPLE01375,Jazz Track 1375,0.5006,0.4782,0.1649,0.88,135.0203,-17.8807,jazz,Synthetic Artist,16
SAMPLE01376,Jazz Track 1376,0.5432,0.276,0.7753,0.202,94.8257,-13.2664,jazz,Synthetic Artist,64
SAMPLE01377,Jazz Track 1377,0.2638,0.4433,0.7905,0.5324,76.4591,-19.5133,jazz,Synthetic Artist,69
SAMPLE01378,Jazz Track 1378,0.4735,0.2037,0.6892,0.6569,106.4323,-16.9768,jazz,Synthetic Artist,38
SAMPLE01379,Jazz Track 1379,0.4576,0.4866,0.3487,1.0,154.0142,-16.7734,jazz,Synthetic Artist,97
SAMPLE01380,Jazz Track 1380,0.6439,0.2456,0.3204,0.16,117.4302,-16.8754,jazz,Synthetic Artist,54
SAMPLE01381,Jazz Track 1381,0.2418,0.5033,0.4538,0.6259,156.8946,-13.4018,jazz,Synthetic Artist,11
SAMPLE01382,Jazz Track 1382,0.4466,0.361,0.2151,1.0,89.538,-18.5042,jazz,Synthetic Artist,57
SAMPLE01383,Jazz Track 1383,0.4326,0.6238,0.2884,0.4537,143.4355,-5.2781,jazz,Synthetic Artist,37
SAMPLE01384,Jazz Track 1384,0.6344,0.1423,0.6418,0.5968,92.4352,-13.0266,jazz,Synthetic Artist,71
SAMPLE01385,Jazz Track 1385,0.4939,0.0843,0.6429,0.7329,118.7599,-7.5187,jazz,Synthetic Artist,60
SAMPLE01386,Jazz Track 1386,0.7515,0.2391,0.2691,0.6961,118.5005,-15.3859,jazz,Synthetic Artist,39
SAMPLE01387,Jazz Track 1387,0.5927,0.1008,0.6487,1.0,131.8448,-17.9649,jazz,Synthetic Artist,77
SAMPLE01388,Jazz Track 1388,0.4426,0.1011,0.5999,0.7621,119.5222,-7.5805,jazz,Synthetic Artist,67
SAMPLE01389,Jazz Track 1389,0.5336,0.4619,0.8322,0.9819,89.8245,-15.93,jazz,Synthetic Artist,35
SAMPLE01390,Jazz Track 1390,0.4504,0.3492,0.6252,0.56,138.4092,-14.8068,jazz,Synthetic Artist,47
SAMPLE01391,Jazz Track 1391,0.6203,0.2637,0.7329,0.4649,163.9497,-11.2778,jazz,Synthetic Artist,59
SAMPLE01392,Jazz Track 1392,0.3135,0.2803,0.605,0.5936,94.4859,-19.9877,jazz,Synthetic Artist,43
SAMPLE01393,Jazz Track 1393,0.3847,0.2425,0.7156,0.3602,56.943,-11.4442,jazz,Synthetic Artist,44
SAMPLE01394,Jazz Track 1394,0.5638,0.6471,0.2168,0.7709,126.9796,-9.5925,jazz,Synthetic Artist,51
SAMPLE01395,Jazz Track 1395,0.6716,0.2176,0.4732,0.5535,102.0646,-9.0824,jazz,Synthetic Artist,31
SAMPLE01396,Jazz Track 1396,0.1917,0.112,0.4914,0.4821,108.0669,-11.4227,jazz,Synthetic Artist,10
SAMPLE01397,Jazz Track 1397,0.6924,0.4933,0.4464,0.7747,128.6853,-7.2904,jazz,Synthetic Artist,54
SAMPLE01398,Jazz Track 1398,0.4804,0.3112,0.5977,0.3641,98.3082,-14.7299,jazz,Synthetic Artist,14
SAMPLE01399,Jazz Track 1399,0.2363,0.717,0.6396,0.8426,103.9344,-15.6801,jazz,Synthetic Artist,32
SAMPLE01400,Jazz Track 1400,0.0798,0.2553,0.5863,0.5304,108.9964,-5.0734,jazz,Synthetic Artist,18
SAMPLE01401,Jazz Track 1401,0.2859,0.5023,0.4611,0.9398,156.0926,-19.9565,jazz,Synthetic Artist,20
SAMPLE01402,Jazz Track 1402,0.4972,0.5448,0.3381,0.5518,112.9021,-19.2505,jazz,Synthetic Artist,58
SAMPLE01403,Jazz Track 1403,0.4908,0.2562,0.7414,0.808,74.9298,-12.02,jazz,Synthetic Artist,46
SAMPLE01404,Jazz Track 1404,0.5886,0.2163,0.5769,0.6949,76.1236,-7.4899,jazz,Synthetic Artist,45
SAMPLE01405,Jazz Track 1405,0.4231,0.4834,0.2759,0.836,116.1769,-12.3463,jazz,Synthetic Artist,26
SAMPLE01406,Jazz Track 1406,0.3449,0.4535,0.4574,0.6775,78.1172,-8.8823,jazz,Synthetic Artist,38
SAMPLE01407,Jazz Track 1407,0.4422,0.0961,0.1165,0.2342,65.1309,-24.5046,jazz,Synthetic Artist,57
SAMPLE01408,Jazz Track 1408,0.5047,0.1469,0.5078,0.9022,131.0661,-17.4667,jazz,Synthetic Artist,49
SAMPLE01409,Jazz Track 1409,0.5323,0.0,0.4564,0.6281,132.535,-24.5328,jazz,Synthetic Artist,65
SAMPLE01410,Jazz Track 1410,0.3895,0.4572,0.3736,0.8474,100.9559,-9.8451,jazz,Synthetic Artist,67
SAMPLE01411,Jazz Track 1411,0.6262,0.3029,0.8486,0.8226,120.8098,-21.2453,jazz,Synthetic Artist,45
SAMPLE01412,Jazz Track 1412,0.413,0.3208,0.2456,0.4567,117.6436,-19.9253,jazz,Synthetic Artist,17
SAMPLE01413,Jazz Track 1413,0.3782,0.0455,0.6554,0.4213,130.0726,-13.5136,jazz,Synthetic Artist,36
SAMPLE01414,Jazz Track 1414,0.4241,0.1523,0.9811,0.8138,130.1425,-10.4077,jazz,Synthetic Artist,48
SAMPLE01415,Jazz Track 1415,0.6505,0.264,0.737,0.5742,50.0,-15.2316,jazz,Synthetic Artist,36
SAMPLE01416,Jazz Track 1416,0.4814,0.229,0.4931,0.8841,104.785,-12.1603,jazz,Synthetic Artist,31
SAMPLE01417,Jazz Track 1417,0.4028,0.3712,0.2505,0.6054,127.5371,-11.4527,jazz,Synthetic Artist,51
SAMPLE01418,Jazz Track 1418,0.6297,0.455,0.2003,0.9059,99.6863,-14.3393,jazz,Synthetic Artist,94
SAMPLE01419,Jazz Track 1419,0.8,0.7585,0.4095,0.7558,113.0861,-16.475,jazz,Synthetic Artist,41
SAMPLE01420,Jazz Track 1420,0.5294,0.3464,0.3489,0.722,134.521,-11.4796,jazz,Synthetic Artist,50
SAMPLE01421,Jazz Track 1421,0.6727,0.5508,0.3417,0.5565,114.4278,-10.0364,jazz,Synthetic Artist,26
SAMPLE01422,Jazz Track 1422,0.6451,0.2006,0.4282,0.7081,157.2376,-10.8733,jazz,Synthetic Artist,72
SAMPLE01423,Jazz Track 1423,0.4152,0.0485,0.4775,0.9482,145.8096,-14.4046,jazz,Synthetic Artist,66
SAMPLE01424,Jazz Track 1424,0.5037,0.2866,0.6067,0.6364,108.4431,-19.6387,jazz,Synthetic Artist,65
SAMPLE01425,Jazz Track 1425,0.3204,0.0624,0.2277,0.7828,106.0586,-12.619,jazz,Synthetic Artist,74
SAMPLE01426,Jazz Track 1426,0.4713,0.3526,0.3499,0.6616,50.0,-13.9904,jazz,Synthetic Artist,42
SAMPLE01427,Jazz Track 1427,0.4123,0.2095,0.4649,0.6812,102.2049,-17.0152,jazz,Synthetic Artist,45
SAMPLE01428,Jazz Track 1428,0.4436,0.0,0.457,1.0,71.4019,-17.4259,jazz,Synthetic Artist,81
SAMPLE01429,Jazz Track 1429,0.395,0.6625,0.904,0.9504,118.6369,-15.2313,jazz,Synthetic Artist,61
SAMPLE01430,Jazz Track 1430,0.4598,0.2532,0.5511,0.6699,116.5861,-10.5808,jazz,Synthetic Artist,10
SAMPLE01431,Jazz Track 1431,0.5745,0.0552,0.145,0.7036,132.8757,-22.1501,jazz,Synthetic Artist,58
SAMPLE01432,Jazz Track 1432,0.4833,0.5117,0.592,0.4745,153.9001,-17.5007,jazz,Synthetic Artist,40
SAMPLE01433,Jazz Track 1433,0.239,0.2188,0.62,0.6068,111.2119,-16.2664,jazz,Synthetic Artist,66
SAMPLE01434,Jazz Track 1434,0.3955,0.5462,0.4725,0.7273,180.4125,-5.5607,jazz,Synthetic Artist,57
SAMPLE01435,Jazz Track 1435,0.2873,0.218,0.2331,0.8627,118.9735,-10.0478,jazz,Synthetic Artist,19
SAMPLE01436,Jazz Track 1436,0.5342,0.2526,0.8868,0.8373,72.6935,-21.968,jazz,Synthetic Artist,55
SAMPLE01437,Jazz Track 1437,0.5705,0.4121,0.2646,0.3727,95.1378,-7.5465,jazz,Synthetic Artist,54
SAMPLE01438,Jazz Track 1438,0.5359,0.4568,0.6454,0.8942,100.8176,-7.2869,jazz,Synthetic Artist,57
SAMPLE01439,Jazz Track 1439,0.3898,0.4883,0.544,0.6278,129.7638,-18.4531,jazz,Synthetic Artist,60
SAMPLE01440,Jazz Track 1440,0.5346,0.3338,0.6322,0.4033,83.5825,-25.4435,jazz,Synthetic Artist,77
SAMPLE01441,Jazz Track 1441,0.4342,0.4452,0.8755,0.9841,103.0607,-13.7541,jazz,Synthetic Artist,57
SAMPLE01442,Jazz Track 1442,0.3406,0.4842,0.6236,1.0,107.1688,-8.1438,jazz,Synthetic Artist,50
SAMPLE01443,Jazz Track 1443,0.6039,0.3861,0.3771,0.7159,98.5564,-6.6227,jazz,Synthetic Artist,71
SAMPLE01444,Jazz Track 1444,0.6145,0.3243,0.7433,0.8272,136.3425,-18.0728,jazz,Synthetic Artist,90
SAMPLE01445,Jazz Track 1445,0.6328,0.0898,0.3612,0.8419,131.2396,-7.677,jazz,Synthetic Artist,66
SAMPLE01446,Jazz Track 1446,0.4148,0.4579,0.536,0.9989,146.997,-23.3786,jazz,Synthetic Artist,54
SAMPLE01447,Jazz Track 1447,0.6651,0.3576,0.2155,0.832,102.0692,-15.6107,jazz,Synthetic Artist,58
SAMPLE01448,Jazz Track 1448,0.4309,0.2755,0.2727,0.3181,148.0758,-16.3242,jazz,Synthetic Artist,55
SAMPLE01449,Jazz Track 1449,0.5915,0.58,0.5113,1.0,71.0801,-7.4345,jazz,Synthetic Artist,50
SAMPLE01450,Jazz Track 1450,0.4285,0.093,0.581,0.9164,70.3485,-9.6997,jazz,Synthetic Artist,89
SAMPLE01451,Jazz Track 1451,0.4686,0.6459,0.1255,0.5226,75.5859,-7.9304,jazz,Synthetic Artist,37
SAMPLE01452,Jazz Track 1452,0.161,0.346,0.6094,0.3926,112.2764,-20.1015,jazz,Synthetic Artist,71
SAMPLE01453,Jazz Track 1453,0.4577,0.4072,0.3197,0.7762,148.0713,-9.7753,jazz,Synthetic Artist,48
SAMPLE01454,Jazz Track 1454,0.5128,0.2789,0.7815,0.5804,93.9357,-12.136,jazz,Synthetic Artist,23
SAMPLE01455,Jazz Track 1455,0.4426,0.0499,0.4226,0.7325,97.6992,-23.321,jazz,Synthetic Artist,47
SAMPLE01456,Jazz Track 1456,0.7459,0.3249,0.2528,0.8359,105.5195,-23.4523,jazz,Synthetic Artist,40
SAMPLE01457,Jazz Track 1457,0.3373,0.4103,0.5167,0.5084,129.1848,-8.9675,jazz,Synthetic Artist,60
SAMPLE01458,Jazz Track 1458,0.4211,0.4717,0.2984,0.371,97.6712,-14.0801,jazz,Synthetic Artist,52
SAMPLE01459,Jazz Track 1459,0.3733,0.3144,0.7792,0.7465,95.9975,-19.9972,jazz,Synthetic Artist,32
SAMPLE01460,Jazz Track 1460,0.4211,0.0,0.5001,0.5167,71.6381,-17.0368,jazz,Synthetic Artist,76
SAMPLE01461,Jazz Track 1461,0.6444,0.0725,0.4666,0.6865,94.8484,-14.0268,jazz,Synthetic Artist,70
SAMPLE01462,Jazz Track 1462,0.7069,0.7194,0.6302,0.3142,147.3239,-12.1566,jazz,Synthetic Artist,79
SAMPLE01463,Jazz Track 1463,0.4019,0.1533,0.2789,0.587,114.7278,-22.1639,jazz,Synthetic Artist,54
SAMPLE01464,Jazz Track 1464,0.3988,0.6069,0.2164,0.8287,89.8044,-3.9738,jazz,Synthetic Artist,49
SAMPLE01465,Jazz Track 1465,0.338,0.1819,0.5898,0.8015,149.0843,-10.4898,jazz,Synthetic Artist,63
SAMPLE01466,Jazz Track 1466,0.6829,0.3172,0.2581,0.4529,94.4436,-15.7063,jazz,Synthetic Artist,40
SAMPLE01467,Jazz Track 1467,0.6569,0.4625,0.258,0.3579,154.5987,-14.6527,jazz,Synthetic Artist,52
SAMPLE01468,Jazz Track 1468,0.4852,0.2024,0.6841,0.6539,154.1082,-13.2681,jazz,Synthetic Artist,47
SAMPLE01469,Jazz Track 1469,0.3045,0.6366,0.6155,0.7903,113.6803,-17.3637,jazz,Synthetic Artist,24
SAMPLE01470,Jazz Track 1470,0.3171,0.3636,0.2242,0.7513,67.0435,-12.4662,jazz,Synthetic Artist,52
SAMPLE01471,Jazz Track 1471,0.5239,0.433,0.3638,0.522,180.685,-19.4906,jazz,Synthetic Artist,42
SAMPLE01472,Jazz Track 1472,0.5769,0.3018,0.3012,0.7245,123.6183,-14.6064,jazz,Synthetic Artist,46
SAMPLE01473,Jazz Track 1473,0.2107,0.4686,0.8908,1.0,102.2834,-18.5472,jazz,Synthetic Artist,57
SAMPLE01474,Jazz Track 1474,0.455,0.6342,0.6993,0.7013,140.6838,-17.3263,jazz,Synthetic Artist,73
SAMPLE01475,Jazz Track 1475,0.7266,0.3264,0.4074,0.2417,133.0691,-6.736,jazz,Synthetic Artist,35
SAMPLE01476,Jazz Track 1476,0.4695,0.6613,0.6268,0.7008,151.3282,-11.8654,jazz,Synthetic Artist,44
SAMPLE01477,Jazz Track 1477,0.7085,0.2399,0.2016,1.0,92.1296,-13.7272,jazz,Synthetic Artist,36
SAMPLE01478,Jazz Track 1478,0.5909,0.4875,0.352,0.3282,121.5542,-22.226,jazz,Synthetic Artist,35
SAMPLE01479,Jazz Track 1479,0.3482,0.438,0.5231,0.6574,76.4239,-16.1583,jazz,Synthetic Artist,39
SAMPLE01480,Jazz Track 1480,0.459,0.1577,0.5995,0.5934,131.99,-13.0786,jazz,Synthetic Artist,46
SAMPLE01481,Jazz Track 1481,0.482,0.3885,0.4786,0.674,111.3116,-12.8955,jazz,Synthetic Artist,61
SAMPLE01482,Jazz Track 1482,0.3666,0.3513,0.5546,0.6986,120.4303,-23.6852,jazz,Synthetic Artist,56
SAMPLE01483,Jazz Track 1483,0.3642,0.1964,0.5172,0.935,107.6095,-13.9893,jazz,Synthetic Artist,31
SAMPLE01484,Jazz Track 1484,0.7109,0.4144,0.464,0.6712,104.4703,-11.9638,jazz,Synthetic Artist,73
SAMPLE01485,Jazz Track 1485,0.3632,0.3763,0.4348,0.9693,85.9531,-8.0651,jazz,Synthetic Artist,67
SAMPLE01486,Jazz Track 1486,0.651,0.3369,0.4062,0.6206,135.7129,-17.0269,jazz,Synthetic Artist,34
SAMPLE01487,Jazz Track 1487,0.4389,0.3377,0.551,0.5625,156.6911,-24.1634,jazz,Synthetic Artist,72
SAMPLE01488,Jazz Track 1488,0.4964,0.3338,0.5904,0.4827,95.2999,-18.5827,jazz,Synthetic Artist,56
SAMPLE01489,Jazz Track 1489,0.5787,0.2838,0.5436,0.1957,128.6062,-19.3339,jazz,Synthetic Artist,47
SAMPLE01490,Jazz Track 1490,0.4162,0.3752,0.2407,0.7189,124.9655,-10.5338,jazz,Synthetic Artist,56
SAMPLE01491,Jazz Track 1491,0.5795,0.2341,0.2802,1.0,112.2429,-26.9207,jazz,Synthetic Artist,50
SAMPLE01492,Jazz Track 1492,0.2135,0.8282,0.5878,0.7646,66.2021,-13.1482,jazz,Synthetic Artist,60
SAMPLE01493,Jazz Track 1493,0.5616,0.0963,0.8238,0.8217,72.9521,-9.106,jazz,Synthetic Artist,53
SAMPLE01494,Jazz Track 1494,0.1544,0.2447,0.5335,0.5467,88.5705,-14.5991,jazz,Synthetic Artist,44
SAMPLE01495,Jazz Track 1495,0.4682,0.259,0.4094,0.5889,50.0,-10.5128,jazz,Synthetic Artist,14
SAMPLE01496,Jazz Track 1496,0.6196,0.7173,0.5494,0.8962,154.2409,-19.1844,jazz,Synthetic Artist,59
SAMPLE01497,Jazz Track 1497,0.5871,0.1124,0.2499,1.0,123.0311,-22.6347,jazz,Synthetic Artist,43
SAMPLE01498,Jazz Track 1498,0.3182,0.4267,0.788,1.0,111.1012,-7.0724,jazz,Synthetic Artist,64
SAMPLE01499,Jazz Track 1499,0.3362,0.3947,0.5411,0.8513,50.0,-13.2763,jazz,Synthetic Artist,59
SAMPLE01500,Country Track 1500,0.5824,0.8152,0.1354,0.2348,126.5832,-8.1402,country,Synthetic Artist,44
SAMPLE01501,Country Track 1501,0.4358,0.5295,0.4139,0.6798,145.3772,-8.9353,country,Synthetic Artist,68
SAMPLE01502,Country Track 1502,0.5821,0.7208,0.3113,0.4808,83.721,-2.2735,country,Synthetic Artist,54
SAMPLE01503,Country Track 1503,0.4325,0.7277,0.9817,0.4612,114.5822,-4.3287,country,Synthetic Artist,53
SAMPLE01504,Country Track 1504,0.7124,0.472,0.5777,0.0,143.558,-6.9519,country,Synthetic Artist,48
SAMPLE01505,Country Track 1505,0.8973,0.4183,0.7854,0.7248,123.7056,-7.7584,country,Synthetic Artist,80
SAMPLE01506,Country Track 1506,0.6281,0.6099,0.5173,0.0992,160.1507,-7.9724,country,Synthetic Artist,37
SAMPLE01507,Country Track 1507,0.4938,0.7492,0.5405,0.7344,81.026,-1.7262,country,Synthetic Artist,44
SAMPLE01508,Country Track 1508,0.266,0.3621,0.5728,0.8055,78.06,-7.0419,country,Synthetic Artist,28
SAMPLE01509,Country Track 1509,0.3679,0.5047,0.8234,0.4282,142.0118,-10.0659,country,Synthetic Artist,63
SAMPLE01510,Country Track 1510,0.7566,0.7116,0.6486,0.558,144.511,-10.4505,country,Synthetic Artist,40
SAMPLE01511,Country Track 1511,0.4465,0.6267,0.3474,0.0,116.9755,-6.0429,country,Synthetic Artist,42
SAMPLE01512,Country Track 1512,0.5255,0.8466,0.937,0.2512,132.4103,-6.2801,country,Synthetic Artist,41
SAMPLE01513,Country Track 1513,0.6486,0.3942,0.5156,0.5755,141.3754,-12.4273,country,Synthetic Artist,51
SAMPLE01514,Country Track 1514,0.7479,0.9963,0.4798,0.5311,100.8396,-4.1705,country,Synthetic Artist,27
SAMPLE01515,Country Track 1515,0.546,0.3739,0.0,0.0,103.6219,-9.649,country,Synthetic Artist,10
SAMPLE01516,Country Track 1516,0.5214,0.2953,0.7196,0.2266,126.9329,-8.1213,country,Synthetic Artist,58
SAMPLE01517,Country Track 1517,0.5786,0.6106,0.6022,0.0,145.5063,-6.4522,country,Synthetic Artist,12
SAMPLE01518,Country Track 1518,0.4947,0.4385,0.602,0.4032,91.6851,-10.1097,country,Synthetic Artist,65
SAMPLE01519,Country Track 1519,0.5011,0.6138,0.4914,0.0,116.8534,-5.9551,country,Synthetic Artist,78
SAMPLE01520,Country Track 1520,0.6194,0.6082,0.4535,0.5826,115.6498,-8.8155,country,Synthetic Artist,47
SAMPLE01521,Country Track 1521,0.5922,0.5887,0.4987,0.5957,132.8669,-8.7701,country,Synthetic Artist,73
SAMPLE01522,Country Track 1522,0.8258,0.4852,0.6819,0.1814,121.7738,-9.6394,country,Synthetic Artist,50
SAMPLE01523,Country Track 1523,0.6227,0.6892,0.7206,0.4303,107.807,-4.2572,country,Synthetic Artist,79
SAMPLE01524,Country Track 1524,0.7081,0.5692,0.5292,0.2457,154.4627,-8.5061,country,Synthetic Artist,42
SAMPLE01525,Country Track 1525,0.4414,0.7966,0.7888,0.3605,107.9793,-3.0094,country,Synthetic Artist,7
SAMPLE01526,Country Track 1526,0.633,0.5911,0.5626,0.0132,114.4055,-3.2144,country,Synthetic Artist,49
SAMPLE01527,Country Track 1527,0.4832,0.4657,0.4691,0.4556,80.6211,-10.2729,country,Synthetic Artist,81
SAMPLE01528,Country Track 1528,0.6175,0.35,0.6237,0.0,103.4457,-16.4227,country,Synthetic Artist,60
SAMPLE01529,Country Track 1529,0.6526,0.5925,0.2809,0.0,135.418,-5.054,country,Synthetic Artist,41
SAMPLE01530,Country Track 1530,0.576,0.4169,0.6312,0.2695,130.3357,-9.5734,country,Synthetic Artist,56
SAMPLE01531,Country Track 1531,0.8589,0.404,0.2407,0.2472,137.5874,-10.9614,country,Synthetic Artist,67
SAMPLE01532,Country Track 1532,0.7414,0.7044,0.3539,0.3681,136.3255,-8.4654,country,Synthetic Artist,48
SAMPLE01533,Country Track 1533,0.7113,0.3356,0.1359,0.1376,176.2806,-10.2436,country,Synthetic Artist,97
SAMPLE01534,Country Track 1534,0.6617,0.846,0.5415,0.7714,102.5557,-2.9013,country,Synthetic Artist,41
SAMPLE01535,Country Track 1535,0.7816,0.6456,0.9341,0.3402,79.895,-6.9469,country,Synthetic Artist,68
SAMPLE01536,Country Track 1536,0.3976,0.613,0.5542,0.3582,94.6856,-4.3331,country,Synthetic Artist,64
SAMPLE01537,Country Track 1537,0.7344,0.4544,0.7216,0.3493,103.7051,-7.2578,country,Synthetic Artist,37
SAMPLE01538,Country Track 1538,0.4511,0.7423,1.0,0.5507,96.6675,-7.5393,country,Synthetic Artist,42
SAMPLE01539,Country Track 1539,0.5023,0.6195,0.6689,0.444,124.4352,-8.4787,country,Synthetic Artist,68
SAMPLE01540,Country Track 1540,0.6374,0.5102,0.4117,0.4105,154.569,-6.7546,country,Synthetic Artist,53
SAMPLE01541,Country Track 1541,0.718,0.652,0.4419,0.484,162.0311,-5.2571,country,Synthetic Artist,56
SAMPLE01542,Country Track 1542,0.4316,0.3508,0.5801,0.0,135.112,-6.6235,country,Synthetic Artist,21
SAMPLE01543,Country Track 1543,0.5085,0.3583,0.4408,0.0,177.6731,-9.7238,country,Synthetic Artist,62
SAMPLE01544,Country Track 1544,0.5817,0.4408,0.4572,0.281,112.7343,-8.1374,country,Synthetic Artist,55
SAMPLE01545,Country Track 1545,0.5476,0.6759,0.7968,0.2506,79.5545,-5.7044,country,Synthetic Artist,49
SAMPLE01546,Country Track 1546,0.6725,0.6195,0.8058,0.445,149.3826,-8.463,country,Synthetic Artist,56
SAMPLE01547,Country Track 1547,0.9823,0.7878,0.2177,0.305,74.1965,-9.3303,country,Synthetic Artist,43
SAMPLE01548,Country Track 1548,0.6203,0.4728,0.4,0.4455,102.3699,-10.3989,country,Synthetic Artist,39
SAMPLE01549,Country Track 1549,0.4818,0.7119,0.4779,0.0,135.5229,-7.5509,country,Synthetic Artist,46
SAMPLE01550,Country Track 1550,0.4144,0.6018,0.7118,0.2973,119.3381,-5.9538,country,Synthetic Artist,42
SAMPLE01551,Country Track 1551,0.531,0.4691,0.8315,0.0,117.0352,-5.2579,country,Synthetic Artist,89
SAMPLE01552,Country Track 1552,0.4572,0.6816,1.0,0.3967,91.2995,-10.5202,country,Synthetic Artist,66
SAMPLE01553,Country Track 1553,0.6261,0.6094,0.4776,0.0,121.7191,-9.0567,country,Synthetic Artist,33
SAMPLE01554,Country Track 1554,0.6242,0.5193,0.4885,0.3871,148.0952,-8.9986,country,Synthetic Artist,87
SAMPLE01555,Country Track 1555,0.5144,0.6267,0.7095,0.0,122.5192,-5.4729,country,Synthetic Artist,42
SAMPLE01556,Country Track 1556,0.8082,0.5993,0.4299,0.2041,100.4141,-8.9446,country,Synthetic Artist,51
SAMPLE01557,Country Track 1557,0.4817,0.5954,0.549,0.5237,89.564,-8.7219,country,Synthetic Artist,66
SAMPLE01558,Country Track 1558,0.5557,0.554,0.4887,0.3568,100.9505,-11.4261,country,Synthetic Artist,15
SAMPLE01559,Country Track 1559,0.6467,0.4112,0.0032,0.0,132.2007,-7.5442,country,Synthetic Artist,46
SAMPLE01560,Country Track 1560,0.677,0.632,0.6071,0.1319,130.9337,-7.8317,country,Synthetic Artist,40
SAMPLE01561,Country Track 1561,0.7233,0.4916,0.5399,0.0,101.1868,-9.9057,country,Synthetic Artist,54
SAMPLE01562,Country Track 1562,0.6214,0.4567,0.8597,0.0,64.5203,-9.1283,country,Synthetic Artist,57
SAMPLE01563,Country Track 1563,0.6961,0.5815,0.5812,0.3294,132.9203,-4.9136,country,Synthetic Artist,49
SAMPLE01564,Country Track 1564,0.4902,0.7374,0.304,0.4401,98.6596,-9.3076,country,Synthetic Artist,48
SAMPLE01565,Country Track 1565,0.6802,0.6497,0.5232,0.4102,139.9156,-9.426,country,Synthetic Artist,69
SAMPLE01566,Country Track 1566,0.6786,0.535,0.12,0.4507,102.3411,-4.8793,country,Synthetic Artist,55
SAMPLE01567,Country Track 1567,0.7515,0.5286,0.3136,0.297,96.3146,-7.8591,country,Synthetic Artist,51
SAMPLE01568,Country Track 1568,0.3698,0.7217,0.7198,0.2317,125.9825,-5.2152,country,Synthetic Artist,53
SAMPLE01569,Country Track 1569,0.4611,0.2365,0.5256,0.0317,183.3002,-8.7965,country,Synthetic Artist,83
SAMPLE01570,Country Track 1570,0.6688,0.7476,0.783,0.19,141.4748,-6.8229,country,Synthetic Artist,53
SAMPLE01571,Country Track 1571,0.2518,0.3202,0.1473,0.0,125.5417,-10.1698,country,Synthetic Artist,41
SAMPLE01572,Country Track 1572,0.629,0.3935,0.5267,0.0887,131.3301,-6.7799,country,Synthetic Artist,16
SAMPLE01573,Country Track 1573,0.6972,0.5377,0.4754,0.3222,76.471,-5.0879,country,Synthetic Artist,24
SAMPLE01574,Country Track 1574,0.5008,0.9672,0.7903,0.2705,92.8192,-2.7062,country,Synthetic Artist,42
SAMPLE01575,Country Track 1575,0.5184,0.8884,0.728,1.0,56.7158,-8.8534,country,Synthetic Artist,48
SAMPLE01576,Country Track 1576,0.4411,0.733,0.7213,0.0,166.9767,-3.5595,country,Synthetic Artist,40
SAMPLE01577,Country Track 1577,0.5074,0.677,0.9191,0.2687,161.712,-8.0526,country,Synthetic Artist,56
SAMPLE01578,Country Track 1578,0.5109,0.322,0.499,0.0,132.2133,-11.1754,country,Synthetic Artist,40
SAMPLE01579,Country Track 1579,0.4881,0.6451,0.8737,0.2031,125.513,-7.7728,country,Synthetic Artist,34
SAMPLE01580,Country Track 1580,0.4815,0.5321,0.3503,0.2132,81.6587,-5.9494,country,Synthetic Artist,61
SAMPLE01581,Country Track 1581,0.5375,0.4893,0.3422,0.5112,116.2982,-6.9328,country,Synthetic Artist,75
SAMPLE01582,Country Track 1582,0.536,0.6448,0.7456,0.1876,168.6022,-7.9899,country,Synthetic Artist,30
SAMPLE01583,Country Track 1583,0.7949,0.5446,0.249,0.2522,125.4168,-5.8581,country,Synthetic Artist,54
SAMPLE01584,Country Track 1584,0.5227,0.7591,0.706,0.1924,107.3192,-6.3158,country,Synthetic Artist,16
SAMPLE01585,Country Track 1585,0.6113,0.3102,0.6023,0.0,76.2902,-10.7909,country,Synthetic Artist,23
SAMPLE01586,Country Track 1586,0.5008,0.632,0.8158,0.137,157.8879,-9.1981,country,Synthetic Artist,39
SAMPLE01587,Country Track 1587,0.4992,0.4793,0.5669,0.2045,120.1778,-7.3183,country,Synthetic Artist,70
SAMPLE01588,Country Track 1588,0.3655,0.5545,0.5923,0.3185,76.3249,-8.0995,country,Synthetic Artist,36
SAMPLE01589,Country Track 1589,0.3814,0.6687,0.692,0.4397,97.9691,-10.6463,country,Synthetic Artist,35
SAMPLE01590,Country Track 1590,0.4252,0.4412,0.4342,0.2414,88.784,-6.4547,country,Synthetic Artist,51
SAMPLE01591,Country Track 1591,0.592,0.6463,0.4246,0.237,118.5747,-8.543,country,Synthetic Artist,51
SAMPLE01592,Country Track 1592,0.6991,0.586,0.6844,0.0,127.3908,-3.7235,country,Synthetic Artist,36
SAMPLE01593,Country Track 1593,0.3556,0.5143,0.5736,0.4349,108.9164,-11.6416,country,Synthetic Artist,86
SAMPLE01594,Country Track 1594,0.5041,0.5447,0.4904,0.126,142.2032,-8.4035,country,Synthetic Artist,45
SAMPLE01595,Country Track 1595,0.406,0.5953,0.5618,0.4868,124.0489,-9.3983,country,Synthetic Artist,52
SAMPLE01596,Country Track 1596,0.5383,0.4971,0.9308,0.6291,149.6201,-10.6757,country,Synthetic Artist,43
SAMPLE01597,Country Track 1597,0.6991,0.6211,0.4825,0.253,112.713,-8.7102,country,Synthetic Artist,58
SAMPLE01598,Country Track 1598,0.5164,0.5755,0.4762,0.0442,201.1785,-3.3406,country,Synthetic Artist,72
SAMPLE01599,Country Track 1599,0.5643,0.5222,0.2044,0.2958,107.3233,-7.7284,country,Synthetic Artist,80
SAMPLE01600,Country Track 1600,0.7446,0.8744,0.5707,0.3872,98.5134,-7.953,country,Synthetic Artist,36
SAMPLE01601,Country Track 1601,0.6249,0.6864,0.7245,0.2211,95.3162,-11.6729,country,Synthetic Artist,70
SAMPLE01602,Country Track 1602,0.4788,0.5588,0.764,0.159,116.5155,-12.1708,country,Synthetic Artist,60
SAMPLE01603,Country Track 1603,0.5891,0.6433,0.6038,0.4409,77.2921,-8.7011,country,Synthetic Artist,68
SAMPLE01604,Country Track 1604,0.4707,0.4557,0.7903,0.4244,129.6586,-10.07,country,Synthetic Artist,48
SAMPLE01605,Country Track 1605,0.6205,0.5501,0.7409,0.2134,72.4621,-8.4794,country,Synthetic Artist,47
SAMPLE01606,Country Track 1606,0.6318,0.5688,0.8248,0.0,126.2034,-13.4877,country,Synthetic Artist,67
SAMPLE01607,Country Track 1607,0.4059,0.4205,0.7965,0.4141,86.8675,-8.9261,country,Synthetic Artist,67
SAMPLE01608,Country Track 1608,0.591,0.682,0.9254,0.1082,112.0864,-4.5588,country,Synthetic Artist,78
SAMPLE01609,Country Track 1609,0.5559,0.5391,0.5427,0.3536,137.7181,-3.9283,country,Synthetic Artist,54
SAMPLE01610,Country Track 1610,0.6354,0.5631,0.288,0.3378,181.905,-12.5774,country,Synthetic Artist,48
SAMPLE01611,Country Track 1611,0.6698,0.529,0.726,0.0,93.972,-10.0495,country,Synthetic Artist,6
SAMPLE01612,Country Track 1612,0.6273,1.0,0.7517,0.3203,118.0917,-7.3556,country,Synthetic Artist,21
SAMPLE01613,Country Track 1613,0.5336,0.514,0.9254,0.4286,103.1823,-7.7718,country,Synthetic Artist,43
SAMPLE01614,Country Track 1614,0.682,0.289,0.8619,0.4593,99.3834,-12.5354,country,Synthetic Artist,30
SAMPLE01615,Country Track 1615,0.4652,0.364,1.0,0.3293,103.4107,-4.8303,country,Synthetic Artist,65
SAMPLE01616,Country Track 1616,0.4115,0.7415,0.7164,0.0,143.4257,-6.6623,country,Synthetic Artist,26
SAMPLE01617,Country Track 1617,0.1866,0.8338,0.6303,0.6193,109.3105,-6.5249,country,Synthetic Artist,41
SAMPLE01618,Country Track 1618,0.5616,0.5109,0.2753,0.4028,180.4821,-4.1727,country,Synthetic Artist,42
SAMPLE01619,Country Track 1619,0.4714,0.8246,0.6478,0.0,132.8155,-6.3123,country,Synthetic Artist,72
SAMPLE01620,Country Track 1620,0.6177,0.7387,0.4584,0.1031,95.7397,-5.7873,country,Synthetic Artist,39
SAMPLE01621,Country Track 1621,0.3335,0.5897,0.6265,0.3578,112.4657,-9.5589,country,Synthetic Artist,58
SAMPLE01622,Country Track 1622,0.4923,0.5783,0.592,0.4699,101.152,-11.1763,country,Synthetic Artist,54
SAMPLE01623,Country Track 1623,0.6264,0.6489,0.6838,0.178,142.8018,-8.8523,country,Synthetic Artist,66
SAMPLE01624,Country Track 1624,0.4464,0.7604,0.5586,0.5064,79.3917,-1.1902,country,Synthetic Artist,65
SAMPLE01625,Country Track 1625,0.6191,0.6836,0.7857,0.0,87.1353,-5.536,country,Synthetic Artist,49
SAMPLE01626,Country Track 1626,0.5032,0.5117,0.0,0.0394,106.6198,-7.4634,country,Synthetic Artist,19
SAMPLE01627,Country Track 1627,0.5661,0.5921,0.6218,0.0,139.7566,-10.1082,country,Synthetic Artist,46
SAMPLE01628,Country Track 1628,0.6414,0.937,0.8445,0.0756,154.0596,-3.3199,country,Synthetic Artist,50
SAMPLE01629,Country Track 1629,0.6843,0.6602,0.9914,0.677,157.8941,-10.6531,country,Synthetic Artist,55
SAMPLE01630,Country Track 1630,0.5811,0.7591,0.741,0.8145,135.7748,-10.5831,country,Synthetic Artist,37
SAMPLE01631,Country Track 1631,0.4723,0.7064,0.9507,0.3586,119.8449,-8.3789,country,Synthetic Artist,71
SAMPLE01632,Country Track 1632,0.515,0.6637,0.6172,0.1404,142.6603,-2.3513,country,Synthetic Artist,50
SAMPLE01633,Country Track 1633,0.6464,0.6374,0.5806,0.2446,92.243,-2.6509,country,Synthetic Artist,33
SAMPLE01634,Country Track 1634,0.4474,0.7636,0.6965,0.4183,74.0389,-7.7666,country,Synthetic Artist,42
SAMPLE01635,Country Track 1635,0.5486,0.735,0.5793,0.0,133.3526,-8.4956,country,Synthetic Artist,85
SAMPLE01636,Country Track 1636,0.5237,0.6622,0.4079,0.1569,95.8524,-11.3476,country,Synthetic Artist,62
SAMPLE01637,Country Track 1637,0.5576,0.509,0.4666,0.6587,120.302,-7.9709,country,Synthetic Artist,69
SAMPLE01638,Country Track 1638,0.4489,0.6817,0.3353,0.0386,125.1103,-6.7248,country,Synthetic Artist,31
SAMPLE01639,Country Track 1639,0.3478,0.6093,0.6962,0.1127,128.4511,-5.5904,country,Synthetic Artist,38
SAMPLE01640,Country Track 1640,0.6325,0.5707,0.5825,0.3033,146.3826,-5.5192,country,Synthetic Artist,38
SAMPLE01641,Country Track 1641,0.6857,1.0,0.5007,0.3708,143.634,-5.7136,country,Synthetic Artist,53
SAMPLE01642,Country Track 1642,0.3549,0.3738,0.4553,0.1437,127.07,-7.5874,country,Synthetic Artist,47
SAMPLE01643,Country Track 1643,0.6143,0.7734,0.6911,0.3192,110.5076,-8.3314,country,Synthetic Artist,41
SAMPLE01644,Country Track 1644,0.7,0.482,0.7517,0.452,124.8018,-6.9856,country,Synthetic Artist,43
SAMPLE01645,Country Track 1645,0.6415,0.641,0.3313,0.7904,106.4985,-8.6421,country,Synthetic Artist,36
SAMPLE01646,Country Track 1646,0.52,1.0,0.2967,0.2684,116.8928,-4.0714,country,Synthetic Artist,47
SAMPLE01647,Country Track 1647,0.4568,0.466,0.79,0.2897,190.0725,-7.4776,country,Synthetic Artist,70
SAMPLE01648,Country Track 1648,0.5797,0.5042,0.2775,0.6819,126.7369,-8.0229,country,Synthetic Artist,23
SAMPLE01649,Country Track 1649,0.5997,0.6172,0.7004,0.1627,133.7064,-5.5305,country,Synthetic Artist,56
SAMPLE01650,Country Track 1650,0.5815,0.4844,0.9357,0.0,103.6575,-12.2393,country,Synthetic Artist,75
SAMPLE01651,Country Track 1651,0.5484,0.7614,0.9362,0.3626,148.5219,-9.3136,country,Synthetic Artist,47
SAMPLE01652,Country Track 1652,0.4401,0.5345,0.7423,0.569,141.7671,-8.6883,country,Synthetic Artist,40
SAMPLE01653,Country Track 1653,0.6207,0.7246,0.7359,0.3903,141.9512,-10.4803,country,Synthetic Artist,67
SAMPLE01654,Country Track 1654,0.6265,0.4073,1.0,0.2757,127.5872,-9.7932,country,Synthetic Artist,32
SAMPLE01655,Country Track 1655,0.5941,0.3309,0.0664,0.0,148.8889,-10.1711,country,Synthetic Artist,50
SAMPLE01656,Country Track 1656,0.5833,0.5834,0.4778,0.2854,155.0638,-4.4456,country,Synthetic Artist,31
SAMPLE01657,Country Track 1657,0.7715,0.369,0.7667,0.6083,129.3606,-8.6494,country,Synthetic Artist,16
SAMPLE01658,Country Track 1658,0.4951,0.8629,0.5058,0.0,119.0201,-3.4689,country,Synthetic Artist,47
SAMPLE01659,Country Track 1659,0.7238,0.3752,0.8528,0.2388,145.2588,-8.2144,country,Synthetic Artist,27
SAMPLE01660,Country Track 1660,0.4819,0.454,0.5713,0.2031,98.4927,-9.8353,country,Synthetic Artist,50
SAMPLE01661,Country Track 1661,0.7031,0.6862,0.609,0.1256,103.333,-6.7686,country,Synthetic Artist,70
SAMPLE01662,Country Track 1662,0.718,0.5262,0.5196,0.362,120.6142,-6.2393,country,Synthetic Artist,83
SAMPLE01663,Country Track 1663,0.5348,0.3771,0.465,0.4108,76.7247,-5.9741,country,Synthetic Artist,52
SAMPLE01664,Country Track 1664,0.7693,0.9464,0.4596,0.4082,143.5175,-5.8724,country,Synthetic Artist,68
SAMPLE01665,Country Track 1665,0.6263,0.4597,0.6397,0.0558,96.9642,-12.5803,country,Synthetic Artist,57
SAMPLE01666,Country Track 1666,0.4647,0.5886,0.4096,0.0,109.7412,-11.9829,country,Synthetic Artist,43
SAMPLE01667,Country Track 1667,0.5251,0.5865,0.7897,0.3656,116.4547,-8.5169,country,Synthetic Artist,15
SAMPLE01668,Country Track 1668,0.7059,0.7336,0.7237,0.1735,123.0215,-12.6629,country,Synthetic Artist,79
SAMPLE01669,Country Track 1669,0.6808,0.694,0.8219,0.7596,113.065,-2.5684,country,Synthetic Artist,31
SAMPLE01670,Country Track 1670,0.443,0.4877,0.3316,0.7711,120.2484,-6.8014,country,Synthetic Artist,75
SAMPLE01671,Country Track 1671,0.5533,0.5679,0.2061,0.7977,120.4497,-9.402,country,Synthetic Artist,60
SAMPLE01672,Country Track 1672,0.5944,0.5837,0.5791,0.065,110.3772,-10.492,country,Synthetic Artist,32
SAMPLE01673,Country Track 1673,0.5091,0.7398,1.0,0.4423,101.8969,-4.2107,country,Synthetic Artist,56
SAMPLE01674,Country Track 1674,0.8529,0.4331,0.8586,0.5177,150.1183,-11.4057,country,Synthetic Artist,88
SAMPLE01675,Country Track 1675,0.598,0.9429,0.458,0.4896,67.2855,-8.1082,country,Synthetic Artist,78
SAMPLE01676,Country Track 1676,0.5626,0.4985,0.6734,0.2114,116.6514,-10.1437,country,Synthetic Artist,41
SAMPLE01677,Country Track 1677,0.7129,0.6186,0.7401,0.6198,109.8086,-7.2232,country,Synthetic Artist,37
SAMPLE01678,Country Track 1678,0.5262,0.4344,0.279,0.3001,132.8886,-7.0616,country,Synthetic Artist,52
SAMPLE01679,Country Track 1679,0.6909,0.4123,0.8813,0.332,84.1884,-5.7646,country,Synthetic Artist,47
SAMPLE01680,Country Track 1680,0.3699,0.4801,0.5432,0.0,109.0056,-5.727,country,Synthetic Artist,72
SAMPLE01681,Country Track 1681,0.5156,0.4647,0.5601,0.4612,119.3386,-8.4298,country,Synthetic Artist,63
SAMPLE01682,Country Track 1682,0.6959,0.5537,0.5852,0.2349,149.8219,-5.3464,country,Synthetic Artist,20
SAMPLE01683,Country Track 1683,0.7584,0.4634,0.8318,0.4162,130.6368,-10.1173,country,Synthetic Artist,58
SAMPLE01684,Country Track 1684,0.4772,0.7313,0.4139,0.3588,91.2293,-11.3844,country,Synthetic Artist,47
SAMPLE01685,Country Track 1685,0.4632,0.4947,0.2045,0.3452,109.3256,-9.9295,country,Synthetic Artist,51
SAMPLE01686,Country Track 1686,0.6381,0.477,0.6511,0.2886,145.0373,-10.3737,country,Synthetic Artist,54
SAMPLE01687,Country Track 1687,0.4952,0.5571,0.1304,0.4966,90.7799,-9.4572,country,Synthetic Artist,72
SAMPLE01688,Country Track 1688,0.5378,0.7789,0.5138,0.2503,119.9552,-8.9453,country,Synthetic Artist,68
SAMPLE01689,Country Track 1689,0.6752,0.6544,0.8411,0.0,121.7629,-8.4465,country,Synthetic Artist,37
SAMPLE01690,Country Track 1690,0.5047,0.604,0.7074,0.4422,111.9696,-6.0457,country,Synthetic Artist,49
SAMPLE01691,Country Track 1691,0.3341,0.3907,0.8093,0.0977,192.0895,-4.5876,country,Synthetic Artist,42
SAMPLE01692,Country Track 1692,0.4139,0.4372,0.7165,0.0,111.269,-12.9104,country,Synthetic Artist,20
SAMPLE01693,Country Track 1693,0.5712,0.4155,1.0,0.0444,133.6939,-11.9466,country,Synthetic Artist,48
SAMPLE01694,Country Track 1694,0.3464,0.8291,0.4506,0.3708,102.0762,-8.224,country,Synthetic Artist,83
SAMPLE01695,Country Track 1695,0.5343,0.7049,0.6676,0.2759,135.7214,-5.0763,country,Synthetic Artist,19
SAMPLE01696,Country Track 1696,0.4029,0.4821,0.4836,0.0,144.6405,-8.8395,country,Synthetic Artist,50
SAMPLE01697,Country Track 1697,0.7668,0.5297,0.7905,0.2041,106.7129,-9.8521,country,Synthetic Artist,49
SAMPLE01698,Country Track 1698,0.8298,0.488,0.5665,0.5923,120.5778,-6.5004,country,Synthetic Artist,55
SAMPLE01699,Country Track 1699,0.443,0.4783,0.9581,0.1872,98.7227,-5.9595,country,Synthetic Artist,33
SAMPLE01700,Country Track 1700,0.6008,0.6936,0.4632,0.2586,92.2455,-7.105,country,Synthetic Artist,24
SAMPLE01701,Country Track 1701,0.4548,0.574,0.8896,0.5607,148.9567,-9.8166,country,Synthetic Artist,25
SAMPLE01702,Country Track 1702,0.5329,0.953,0.7105,0.4989,107.596,-4.8264,country,Synthetic Artist,74
SAMPLE01703,Country Track 1703,0.7864,0.8201,0.5729,0.5554,59.2461,-6.8828,country,Synthetic Artist,32
SAMPLE01704,Country Track 1704,0.514,0.8295,0.6993,0.0,167.8993,-6.8454,country,Synthetic Artist,41
SAMPLE01705,Country Track 1705,0.5357,0.7274,0.6375,0.7334,101.1455,-8.1365,country,Synthetic Artist,88
SAMPLE01706,Country Track 1706,0.4569,0.5524,0.6583,0.4591,115.5943,-5.5933,country,Synthetic Artist,37
SAMPLE01707,Country Track 1707,0.7075,0.7156,0.5345,0.9154,164.6636,-6.3014,country,Synthetic Artist,56
SAMPLE01708,Country Track 1708,0.1784,0.5642,0.4257,0.1044,118.3147,-5.2456,country,Synthetic Artist,69
SAMPLE01709,Country Track 1709,0.5169,0.8808,0.5063,0.0,117.7532,-2.5941,country,Synthetic Artist,68
SAMPLE01710,Country Track 1710,0.5645,0.6847,0.2097,0.3018,90.0675,-5.9644,country,Synthetic Artist,26
SAMPLE01711,Country Track 1711,0.4907,0.662,0.7652,0.2312,79.4943,-8.5143,country,Synthetic Artist,37
SAMPLE01712,Country Track 1712,0.6736,0.6403,0.3083,0.4634,117.674,-4.7772,country,Synthetic Artist,55
SAMPLE01713,Country Track 1713,0.7142,0.8984,0.5321,0.5687,131.4331,-4.6652,country,Synthetic Artist,85
SAMPLE01714,Country Track 1714,0.4006,0.3906,0.7226,0.2782,129.9437,-2.368,country,Synthetic Artist,36
SAMPLE01715,Country Track 1715,0.8212,0.9141,0.7647,0.2398,109.4872,-4.96,country,Synthetic Artist,41
SAMPLE01716,Country Track 1716,0.3992,0.5902,0.1896,0.4307,122.5267,-5.9345,country,Synthetic Artist,58
SAMPLE01717,Country Track 1717,0.7246,0.395,0.5598,0.2359,74.2325,-8.1238,country,Synthetic Artist,61
SAMPLE01718,Country Track 1718,0.588,0.4996,0.6811,0.215,133.9643,-8.4699,country,Synthetic Artist,62
SAMPLE01719,Country Track 1719,0.5096,0.3559,0.5914,0.5593,126.1966,-9.7318,country,Synthetic Artist,35
SAMPLE01720,Country Track 1720,0.5209,0.7246,0.8757,0.6149,173.3152,-6.1369,country,Synthetic Artist,40
SAMPLE01721,Country Track 1721,0.566,0.4539,0.3992,0.571,122.1945,-7.1938,country,Synthetic Artist,54
SAMPLE01722,Country Track 1722,0.595,0.647,0.1292,0.2579,97.4906,-4.4521,country,Synthetic Artist,73
SAMPLE01723,Country Track 1723,0.4596,0.8015,0.7583,0.0,120.6812,-5.639,country,Synthetic Artist,46
SAMPLE01724,Country Track 1724,0.5419,0.5125,0.4618,0.2629,113.4772,-9.3024,country,Synthetic Artist,50
SAMPLE01725,Country Track 1725,0.4775,0.5771,0.1931,0.1105,133.3024,-8.5745,country,Synthetic Artist,32
SAMPLE01726,Country Track 1726,0.4242,0.4115,0.5451,0.2676,122.6992,-12.0586,country,Synthetic Artist,84
SAMPLE01727,Country Track 1727,0.4719,0.5579,0.8507,0.1322,89.2414,-3.7198,country,Synthetic Artist,53
SAMPLE01728,Country Track 1728,0.432,1.0,0.3021,0.2948,79.4707,-6.5729,country,Synthetic Artist,69
SAMPLE01729,Country Track 1729,0.5196,0.7445,1.0,0.0402,128.8356,-4.3346,country,Synthetic Artist,51
SAMPLE01730,Country Track 1730,0.6219,0.5776,0.3957,0.0,157.961,-7.0628,country,Synthetic Artist,52
SAMPLE01731,Country Track 1731,0.5845,0.5221,0.5991,0.6057,124.063,-7.3279,country,Synthetic Artist,23
SAMPLE01732,Country Track 1732,0.8069,0.6132,0.3118,0.0576,143.1457,-7.8345,country,Synthetic Artist,11
SAMPLE01733,Country Track 1733,0.3047,0.6408,0.5892,0.3001,148.333,-9.3446,country,Synthetic Artist,73
SAMPLE01734,Country Track 1734,0.6263,0.5529,0.5506,0.5386,128.9366,-10.3236,country,Synthetic Artist,51
SAMPLE01735,Country Track 1735,0.5708,0.7048,0.2523,0.5286,100.8232,-2.67,country,Synthetic Artist,54
SAMPLE01736,Country Track 1736,0.6679,0.4674,1.0,0.4987,127.078,-8.1304,country,Synthetic Artist,28
SAMPLE01737,Country Track 1737,0.656,0.4667,0.471,0.3757,153.3839,-5.6069,country,Synthetic Artist,34
SAMPLE01738,Country Track 1738,0.5502,0.6792,0.4712,0.481,135.7772,-3.6823,country,Synthetic Artist,69
SAMPLE01739,Country Track 1739,0.5907,0.433,0.7932,0.6433,141.4544,-9.649,country,Synthetic Artist,81
SAMPLE01740,Country Track 1740,0.4807,0.7366,0.9791,0.4063,109.9738,-5.7414,country,Synthetic Artist,39
SAMPLE01741,Country Track 1741,0.6436,0.6177,0.8278,0.0,116.7388,-7.4012,country,Synthetic Artist,62
SAMPLE01742,Country Track 1742,0.3445,0.3275,0.3157,0.1679,118.9131,-12.1478,country,Synthetic Artist,53
SAMPLE01743,Country Track 1743,0.6632,0.6375,0.6271,0.4741,120.6652,-7.8586,country,Synthetic Artist,48
SAMPLE01744,Country Track 1744,0.5672,0.3504,0.1661,0.1432,152.3669,-7.649,country,Synthetic Artist,83
SAMPLE01745,Country Track 1745,0.5116,0.7309,0.7784,0.705,60.9735,-8.0819,country,Synthetic Artist,42
SAMPLE01746,Country Track 1746,0.5421,0.5802,0.2203,0.2842,122.794,-8.5509,country,Synthetic Artist,72
SAMPLE01747,Country Track 1747,0.5509,0.9162,0.4033,0.3213,119.9331,-6.1564,country,Synthetic Artist,57
SAMPLE01748,Country Track 1748,0.7257,0.7914,0.5793,0.5812,86.341,-1.1927,country,Synthetic Artist,50
SAMPLE01749,Country Track 1749,0.958,0.4503,0.6779,0.2543,139.4659,-13.1034,country,Synthetic Artist,75
SAMPLE01750,Metal Track 1750,0.4352,0.8763,0.3668,0.0006,135.2706,-5.6561,metal,Synthetic Artist,55
SAMPLE01751,Metal Track 1751,0.3521,0.769,0.2236,0.0776,147.5268,-6.009,metal,Synthetic Artist,48
SAMPLE01752,Metal Track 1752,0.3095,0.8956,0.4042,0.0466,130.0658,-5.1604,metal,Synthetic Artist,75
SAMPLE01753,Metal Track 1753,0.3494,0.8126,0.4843,0.0765,108.3898,-7.8327,metal,Synthetic Artist,72
SAMPLE01754,Metal Track 1754,0.4534,1.0,0.3934,0.0365,144.339,-3.1026,metal,Synthetic Artist,72
SAMPLE01755,Metal Track 1755,0.4597,0.8595,0.1738,0.0398,131.8373,-5.9216,metal,Synthetic Artist,0
SAMPLE01756,Metal Track 1756,0.4005,0.9477,0.2573,0.0,188.2675,-4.3316,metal,Synthetic Artist,58
SAMPLE01757,Metal Track 1757,0.5002,0.9762,0.2588,0.0041,156.6535,-7.4355,metal,Synthetic Artist,54
SAMPLE01758,Metal Track 1758,0.5196,0.8332,0.1815,0.0088,115.1355,-6.2577,metal,Synthetic Artist,49
SAMPLE01759,Metal Track 1759,0.4698,0.9053,0.4127,0.0812,154.8718,-3.2735,metal,Synthetic Artist,61
SAMPLE01760,Metal Track 1760,0.3199,0.9387,0.4336,0.0,142.236,-3.3272,metal,Synthetic Artist,55
SAMPLE01761,Metal Track 1761,0.4344,0.9081,0.5459,0.0332,172.2828,-7.0461,metal,Synthetic Artist,62
SAMPLE01762,Metal Track 1762,0.4349,0.9253,0.1785,0.0313,117.2664,-6.4395,metal,Synthetic Artist,45
SAMPLE01763,Metal Track 1763,0.2903,0.8069,0.2345,0.0779,138.6603,-8.0358,metal,Synthetic Artist,77
SAMPLE01764,Metal Track 1764,0.2074,0.9388,0.6609,0.0133,130.0272,-6.5801,metal,Synthetic Artist,64
SAMPLE01765,Metal Track 1765,0.1575,0.866,0.3171,0.0614,134.7544,-8.5023,metal,Synthetic Artist,60
SAMPLE01766,Metal Track 1766,0.3877,0.9245,0.356,0.0,106.444,-5.6296,metal,Synthetic Artist,59
SAMPLE01767,Metal Track 1767,0.4128,0.9644,0.315,0.0,150.2774,-3.8473,metal,Synthetic Artist,71
SAMPLE01768,Metal Track 1768,0.25,0.9468,0.5766,0.0,145.5389,-6.7892,metal,Synthetic Artist,68
SAMPLE01769,Metal Track 1769,0.4951,0.9244,0.5844,0.0593,171.5567,-5.5348,metal,Synthetic Artist,48
SAMPLE01770,Metal Track 1770,0.3967,0.9449,0.5726,0.0537,132.6992,-5.6713,metal,Synthetic Artist,68
SAMPLE01771,Metal Track 1771,0.5284,0.9482,0.3553,0.0648,120.6448,-3.1006,metal,Synthetic Artist,53
SAMPLE01772,Metal Track 1772,0.4208,1.0,0.1755,0.0,156.6788,-6.1232,metal,Synthetic Artist,85
SAMPLE01773,Metal Track 1773,0.2627,0.8976,0.735,0.0,109.1739,-6.6647,metal,Synthetic Artist,70
SAMPLE01774,Metal Track 1774,0.4304,0.9115,0.5213,0.0139,165.5495,-7.1232,metal,Synthetic Artist,39
SAMPLE01775,Metal Track 1775,0.4537,0.9652,0.2587,0.0922,165.4853,-7.3836,metal,Synthetic Artist,92
SAMPLE01776,Metal Track 1776,0.3198,0.8657,0.6348,0.1047,170.7184,-4.6476,metal,Synthetic Artist,12
SAMPLE01777,Metal Track 1777,0.2214,0.8065,0.2429,0.0597,144.2987,-6.331,metal,Synthetic Artist,61
SAMPLE01778,Metal Track 1778,0.391,0.9345,0.6321,0.0366,118.4051,-5.1832,metal,Synthetic Artist,37
SAMPLE01779,Metal Track 1779,0.2699,0.8856,0.6457,0.0868,136.2756,-3.0372,metal,Synthetic Artist,84
SAMPLE01780,Metal Track 1780,0.5033,0.8155,0.1657,0.0072,144.4021,-3.343,metal,Synthetic Artist,55
SAMPLE01781,Metal Track 1781,0.3352,0.935,0.4664,0.0005,116.1958,-8.5822,metal,Synthetic Artist,36
SAMPLE01782,Metal Track 1782,0.5697,1.0,0.5064,0.0135,172.9935,-3.6043,metal,Synthetic Artist,45
SAMPLE01783,Metal Track 1783,0.1463,0.7859,0.873,0.0,150.4025,-5.7332,metal,Synthetic Artist,37
SAMPLE01784,Metal Track 1784,0.3948,0.9716,0.2015,0.0112,106.2333,-5.9938,metal,Synthetic Artist,44
SAMPLE01785,Metal Track 1785,0.5372,0.7224,0.6365,0.0,189.4862,-5.9102,metal,Synthetic Artist,44
SAMPLE01786,Metal Track 1786,0.2821,0.872,0.3535,0.0713,135.9217,-9.1209,metal,Synthetic Artist,36
SAMPLE01787,Metal Track 1787,0.3625,1.0,0.1017,0.0472,100.1769,-1.9747,metal,Synthetic Artist,55
SAMPLE01788,Metal Track 1788,0.3357,0.877,0.326,0.0915,108.0924,-4.608,metal,Synthetic Artist,57
SAMPLE01789,Metal Track 1789,0.3048,0.9063,0.3505,0.0,177.6335,-7.1926,metal,Synthetic Artist,32
SAMPLE01790,Metal Track 1790,0.4069,0.9534,0.1382,0.1151,187.7495,-6.3504,metal,Synthetic Artist,20
SAMPLE01791,Metal Track 1791,0.2375,0.7798,0.4124,0.0,163.2846,-9.6272,metal,Synthetic Artist,56
SAMPLE01792,Metal Track 1792,0.3678,0.905,0.5416,0.0,172.5793,-6.0976,metal,Synthetic Artist,60
SAMPLE01793,Metal Track 1793,0.4368,0.9045,0.3976,0.0,169.4985,-6.4385,metal,Synthetic Artist,63
SAMPLE01794,Metal Track 1794,0.3563,1.0,0.2416,0.0854,149.7075,-7.5502,metal,Synthetic Artist,60
SAMPLE01795,Metal Track 1795,0.27,0.8135,0.3203,0.0313,142.8713,-4.4656,metal,Synthetic Artist,78
SAMPLE01796,Metal Track 1796,0.4933,0.8733,0.3491,0.0078,149.1959,-3.1067,metal,Synthetic Artist,68
SAMPLE01797,Metal Track 1797,0.4603,0.835,0.3935,0.0,155.0805,-5.9446,metal,Synthetic Artist,98
SAMPLE01798,Metal Track 1798,0.2655,0.8276,0.572,0.0,110.7521,-6.5457,metal,Synthetic Artist,100
SAMPLE01799,Metal Track 1799,0.2376,0.9789,0.4044,0.0766,154.9588,-4.1565,metal,Synthetic Artist,18
SAMPLE01800,Metal Track 1800,0.2753,0.9019,0.0695,0.0599,176.7585,-5.5281,metal,Synthetic Artist,10
SAMPLE01801,Metal Track 1801,0.44,0.8611,0.2375,0.0876,126.8088,-7.8977,metal,Synthetic Artist,50
SAMPLE01802,Metal Track 1802,0.4103,0.8638,0.3832,0.0398,123.6026,-7.0229,metal,Synthetic Artist,59
SAMPLE01803,Metal Track 1803,0.4669,0.8606,0.5748,0.0,147.2964,-6.3294,metal,Synthetic Artist,49
SAMPLE01804,Metal Track 1804,0.3441,0.8668,0.6096,0.0,113.5103,-5.2026,metal,Synthetic Artist,63
SAMPLE01805,Metal Track 1805,0.2783,0.8115,0.7049,0.0432,93.4954,-6.0124,metal,Synthetic Artist,45
SAMPLE01806,Metal Track 1806,0.4811,0.8819,0.3761,0.0015,167.4316,-5.1879,metal,Synthetic Artist,38
SAMPLE01807,Metal Track 1807,0.3191,0.8749,0.5027,0.0,119.4715,-8.7005,metal,Synthetic Artist,40
SAMPLE01808,Metal Track 1808,0.4005,0.847,0.0591,0.0,133.5535,-4.4878,metal,Synthetic Artist,46
SAMPLE01809,Metal Track 1809,0.2095,0.9109,0.436,0.0674,114.6962,-5.428,metal,Synthetic Artist,65
SAMPLE01810,Metal Track 1810,0.3173,0.9168,0.1349,0.0428,171.3026,-0.2938,metal,Synthetic Artist,41
SAMPLE01811,Metal Track 1811,0.491,0.861,0.3375,0.0451,158.5953,-6.5091,metal,Synthetic Artist,45
SAMPLE01812,Metal Track 1812,0.3012,0.8899,0.956,0.0,125.7778,-4.9136,metal,Synthetic Artist,60
SAMPLE01813,Metal Track 1813,0.4696,1.0,0.4107,0.0288,97.6031,0.0,metal,Synthetic Artist,46
SAMPLE01814,Metal Track 1814,0.1236,1.0,0.1772,0.0,122.5921,-4.5118,metal,Synthetic Artist,70
SAMPLE01815,Metal Track 1815,0.3185,0.8262,0.4316,0.0135,150.1046,-6.078,metal,Synthetic Artist,33
SAMPLE01816,Metal Track 1816,0.3612,0.836,0.2466,0.0,138.6591,-7.8579,metal,Synthetic Artist,30
SAMPLE01817,Metal Track 1817,0.5717,0.8258,0.1579,0.0,136.2729,-2.8884,metal,Synthetic Artist,55
SAMPLE01818,Metal Track 1818,0.2514,0.974,0.7706,0.0039,139.351,-7.3742,metal,Synthetic Artist,57
SAMPLE01819,Metal Track 1819,0.4538,0.8721,0.5634,0.1388,155.7639,-4.8131,metal,Synthetic Artist,34
SAMPLE01820,Metal Track 1820,0.4963,0.9168,0.4191,0.0,131.7442,-6.3464,metal,Synthetic Artist,74
SAMPLE01821,Metal Track 1821,0.3006,1.0,0.2716,0.0,146.5004,-5.2787,metal,Synthetic Artist,85
SAMPLE01822,Metal Track 1822,0.3389,0.8993,0.2878,0.0308,103.3924,-8.3523,metal,Synthetic Artist,39
SAMPLE01823,Metal Track 1823,0.3956,0.9494,0.6585,0.1085,209.6155,-2.5171,metal,Synthetic Artist,77
SAMPLE01824,Metal Track 1824,0.217,0.9364,0.4113,0.0301,124.4842,-5.837,metal,Synthetic Artist,7
SAMPLE01825,Metal Track 1825,0.3299,0.8588,0.0,0.0551,139.1078,-8.1772,metal,Synthetic Artist,69
SAMPLE01826,Metal Track 1826,0.5204,0.9741,0.8342,0.0031,149.994,-2.5498,metal,Synthetic Artist,35
SAMPLE01827,Metal Track 1827,0.4375,0.8405,0.3866,0.0,120.6763,-6.8651,metal,Synthetic Artist,68
SAMPLE01828,Metal Track 1828,0.3628,0.9938,0.4187,0.0241,133.2347,-4.268,metal,Synthetic Artist,33
SAMPLE01829,Metal Track 1829,0.3924,0.8589,0.5673,0.0,132.8703,-4.0639,metal,Synthetic Artist,49
SAMPLE01830,Metal Track 1830,0.4439,0.8665,0.4431,0.0562,105.5789,-4.7527,metal,Synthetic Artist,35
SAMPLE01831,Metal Track 1831,0.465,0.8238,0.4994,0.0,146.1577,-10.3504,metal,Synthetic Artist,46
SAMPLE01832,Metal Track 1832,0.3188,0.8353,0.2653,0.0645,83.5233,-4.4975,metal,Synthetic Artist,83
SAMPLE01833,Metal Track 1833,0.5488,0.8701,0.104,0.022,185.5813,-5.8805,metal,Synthetic Artist,48
SAMPLE01834,Metal Track 1834,0.5248,0.7298,0.406,0.0093,156.7891,-7.1792,metal,Synthetic Artist,88
SAMPLE01835,Metal Track 1835,0.4545,0.8837,0.6363,0.0,152.1737,-5.8161,metal,Synthetic Artist,43
SAMPLE01836,Metal Track 1836,0.2873,0.8644,0.2204,0.0,80.9007,-8.9334,metal,Synthetic Artist,77
SAMPLE01837,Metal Track 1837,0.2678,0.9553,0.2044,0.0799,109.2241,-4.7839,metal,Synthetic Artist,21
SAMPLE01838,Metal Track 1838,0.3441,0.9296,0.5942,0.0096,174.6804,-8.0511,metal,Synthetic Artist,45
SAMPLE01839,Metal Track 1839,0.3867,0.8505,0.2586,0.0339,220.0,-6.3689,metal,Synthetic Artist,40
SAMPLE01840,Metal Track 1840,0.1855,0.8679,0.2679,0.0,168.8408,-5.3801,metal,Synthetic Artist,78
SAMPLE01841,Metal Track 1841,0.4344,0.8836,0.2754,0.0185,164.1083,-3.4505,metal,Synthetic Artist,53
SAMPLE01842,Metal Track 1842,0.5216,1.0,0.337,0.0,148.7492,-6.5392,metal,Synthetic Artist,12
SAMPLE01843,Metal Track 1843,0.4434,0.8424,0.0353,0.025,107.5751,-2.9422,metal,Synthetic Artist,26
SAMPLE01844,Metal Track 1844,0.3056,0.8496,0.2421,0.0385,162.8552,-3.9086,metal,Synthetic Artist,32
SAMPLE01845,Metal Track 1845,0.2926,0.821,0.3961,0.036,99.9638,-6.8328,metal,Synthetic Artist,67
SAMPLE01846,Metal Track 1846,0.413,0.7963,0.3946,0.0,96.6824,-8.34,metal,Synthetic Artist,64
SAMPLE01847,Metal Track 1847,0.3631,0.9215,0.5816,0.0029,94.7941,-8.2587,metal,Synthetic Artist,45
SAMPLE01848,Metal Track 1848,0.4287,0.9142,0.7179,0.0469,162.2717,-4.8713,metal,Synthetic Artist,40
SAMPLE01849,Metal Track 1849,0.4462,0.9898,0.6525,0.0094,131.2776,-6.4358,metal,Synthetic Artist,63
SAMPLE01850,Metal Track 1850,0.5001,0.9729,0.5329,0.0056,136.0257,-2.6639,metal,Synthetic Artist,30
SAMPLE01851,Metal Track 1851,0.2555,1.0,0.3203,0.1152,132.5379,-6.259,metal,Synthetic Artist,58
SAMPLE01852,Metal Track 1852,0.4044,0.8948,0.2254,0.0,99.2285,-7.3324,metal,Synthetic Artist,57
SAMPLE01853,Metal Track 1853,0.34,0.8818,0.3536,0.074,112.8781,-5.1422,metal,Synthetic Artist,45
SAMPLE01854,Metal Track 1854,0.3692,0.809,0.4671,0.0,114.3872,-7.4182,metal,Synthetic Artist,57
SAMPLE01855,Metal Track 1855,0.4751,0.9488,0.5144,0.0527,90.8419,-5.1903,metal,Synthetic Artist,52
SAMPLE01856,Metal Track 1856,0.487,0.9083,0.4746,0.0554,117.8737,-3.4782,metal,Synthetic Artist,59
SAMPLE01857,Metal Track 1857,0.5338,0.9456,0.3258,0.0,100.5608,-4.992,metal,Synthetic Artist,26
SAMPLE01858,Metal Track 1858,0.4268,0.8203,0.5074,0.0,150.3303,-5.7365,metal,Synthetic Artist,61
SAMPLE01859,Metal Track 1859,0.3679,0.9246,0.6022,0.0,152.8291,-4.942,metal,Synthetic Artist,68
SAMPLE01860,Metal Track 1860,0.3522,0.9144,0.526,0.0,94.1908,-8.8,metal,Synthetic Artist,56
SAMPLE01861,Metal Track 1861,0.1892,0.9097,0.3436,0.0463,124.101,-4.6579,metal,Synthetic Artist,61
SAMPLE01862,Metal Track 1862,0.5274,0.8522,0.1832,0.0,188.6818,-5.4671,metal,Synthetic Artist,48
SAMPLE01863,Metal Track 1863,0.3446,0.9833,0.1785,0.0248,103.5771,-3.2147,metal,Synthetic Artist,66
SAMPLE01864,Metal Track 1864,0.4356,1.0,0.2138,0.0,145.7991,-3.6884,metal,Synthetic Artist,51
SAMPLE01865,Metal Track 1865,0.4547,0.8223,0.4014,0.0083,136.1657,-6.3702,metal,Synthetic Artist,29
SAMPLE01866,Metal Track 1866,0.243,0.9504,0.454,0.0,165.7866,-3.1326,metal,Synthetic Artist,65
SAMPLE01867,Metal Track 1867,0.2784,0.6986,0.0671,0.0161,141.864,-7.294,metal,Synthetic Artist,21
SAMPLE01868,Metal Track 1868,0.5502,0.9468,0.2492,0.0,120.0611,-4.7249,metal,Synthetic Artist,55
SAMPLE01869,Metal Track 1869,0.4119,0.7691,0.3987,0.0,135.0029,-6.9078,metal,Synthetic Artist,43
SAMPLE01870,Metal Track 1870,0.3161,0.8633,0.1701,0.0,135.4411,-4.797,metal,Synthetic Artist,42
SAMPLE01871,Metal Track 1871,0.3661,0.8081,0.4368,0.0,130.2491,-6.8044,metal,Synthetic Artist,53
SAMPLE01872,Metal Track 1872,0.4995,0.8849,0.2885,0.0,93.4267,-2.2955,metal,Synthetic Artist,37
SAMPLE01873,Metal Track 1873,0.4828,0.9587,0.2053,0.0741,170.2927,-1.113,metal,Synthetic Artist,59
SAMPLE01874,Metal Track 1874,0.2187,0.77,0.3606,0.002,164.993,-4.5322,metal,Synthetic Artist,51
SAMPLE01875,Metal Track 1875,0.5598,0.8748,0.4285,0.0,101.6743,-2.5684,metal,Synthetic Artist,39
SAMPLE01876,Metal Track 1876,0.4863,0.8641,0.1803,0.0,123.9782,-8.794,metal,Synthetic Artist,74
SAMPLE01877,Metal Track 1877,0.3632,1.0,0.3015,0.0657,126.2474,-7.7428,metal,Synthetic Artist,54
SAMPLE01878,Metal Track 1878,0.2489,0.9302,0.4435,0.0,98.3044,-5.9618,metal,Synthetic Artist,61
SAMPLE01879,Metal Track 1879,0.4959,0.8176,0.1976,0.0949,76.9961,-5.912,metal,Synthetic Artist,75
SAMPLE01880,Metal Track 1880,0.4324,0.867,0.0184,0.0,112.8822,-6.0944,metal,Synthetic Artist,75
SAMPLE01881,Metal Track 1881,0.2196,1.0,0.0427,0.0452,122.3079,-8.1843,metal,Synthetic Artist,60
SAMPLE01882,Metal Track 1882,0.3545,0.95,0.2664,0.0718,89.763,-2.8968,metal,Synthetic Artist,45
SAMPLE01883,Metal Track 1883,0.7239,0.8357,0.0863,0.0425,138.3093,-1.5773,metal,Synthetic Artist,24
SAMPLE01884,Metal Track 1884,0.3818,0.8813,0.2805,0.0,167.8857,-3.0502,metal,Synthetic Artist,54
SAMPLE01885,Metal Track 1885,0.2984,0.8835,0.683,0.0,158.2635,-3.4277,metal,Synthetic Artist,70
SAMPLE01886,Metal Track 1886,0.2691,0.8623,0.0743,0.0785,129.1994,-5.2737,metal,Synthetic Artist,56
SAMPLE01887,Metal Track 1887,0.5749,0.7803,0.2935,0.0,77.7876,-7.9043,metal,Synthetic Artist,0
SAMPLE01888,Metal Track 1888,0.4733,0.8526,0.7765,0.0688,154.4711,-5.6395,metal,Synthetic Artist,66
SAMPLE01889,Metal Track 1889,0.5348,0.9972,0.4316,0.0,137.3918,-0.7054,metal,Synthetic Artist,67
SAMPLE01890,Metal Track 1890,0.4073,0.8733,0.2765,0.0271,145.7305,-6.3641,metal,Synthetic Artist,45
SAMPLE01891,Metal Track 1891,0.5179,0.8928,0.3186,0.0,191.0831,-6.4533,metal,Synthetic Artist,68
SAMPLE01892,Metal Track 1892,0.2867,0.9098,0.4359,0.0,108.2557,-3.2264,metal,Synthetic Artist,61
SAMPLE01893,Metal Track 1893,0.3979,1.0,0.6892,0.0,50.0,-2.5526,metal,Synthetic Artist,38
SAMPLE01894,Metal Track 1894,0.4116,0.9006,0.2438,0.0313,101.3964,-7.1921,metal,Synthetic Artist,73
SAMPLE01895,Metal Track 1895,0.5321,0.9766,0.1985,0.0247,147.5814,-5.5635,metal,Synthetic Artist,27
SAMPLE01896,Metal Track 1896,0.4151,0.8581,0.0742,0.0431,133.8078,-6.755,metal,Synthetic Artist,49
SAMPLE01897,Metal Track 1897,0.3112,0.8818,0.3706,0.0,96.5309,-5.4696,metal,Synthetic Artist,47
SAMPLE01898,Metal Track 1898,0.387,0.9009,0.0689,0.0,90.4085,-3.2874,metal,Synthetic Artist,35
SAMPLE01899,Metal Track 1899,0.1956,0.8458,0.2572,0.0291,122.3617,-7.4332,metal,Synthetic Artist,55
SAMPLE01900,Metal Track 1900,0.1247,0.8857,0.1683,0.0,95.6172,-3.4062,metal,Synthetic Artist,74
SAMPLE01901,Metal Track 1901,0.4714,0.9622,0.5648,0.0739,148.619,-4.9237,metal,Synthetic Artist,72
SAMPLE01902,Metal Track 1902,0.3388,0.844,0.2483,0.0143,120.6572,-1.1838,metal,Synthetic Artist,63
SAMPLE01903,Metal Track 1903,0.3512,0.9,0.4294,0.0037,114.1865,-4.8623,metal,Synthetic Artist,19
SAMPLE01904,Metal Track 1904,0.4714,0.9496,0.0292,0.0431,110.2517,-5.3962,metal,Synthetic Artist,26
SAMPLE01905,Metal Track 1905,0.5337,0.8423,0.3763,0.0162,140.8937,-4.6968,metal,Synthetic Artist,53
SAMPLE01906,Metal Track 1906,0.4388,0.9767,0.1094,0.0,134.2783,-5.7142,metal,Synthetic Artist,49
SAMPLE01907,Metal Track 1907,0.5921,0.9051,0.2649,0.0,139.0587,-9.0599,metal,Synthetic Artist,41
SAMPLE01908,Metal Track 1908,0.4353,0.8884,0.7922,0.0729,138.4039,-6.0504,metal,Synthetic Artist,84
SAMPLE01909,Metal Track 1909,0.4132,0.7594,0.5364,0.0242,130.8341,-6.856,metal,Synthetic Artist,52
SAMPLE01910,Metal Track 1910,0.4064,0.8738,0.3243,0.0,102.0061,-8.8416,metal,Synthetic Artist,60
SAMPLE01911,Metal Track 1911,0.2386,0.926,0.9898,0.0376,111.0886,-5.49,metal,Synthetic Artist,68
SAMPLE01912,Metal Track 1912,0.4852,1.0,0.167,0.0,121.1598,-9.0342,metal,Synthetic Artist,51
SAMPLE01913,Metal Track 1913,0.111,0.9398,0.583,0.0,194.9559,-5.9569,metal,Synthetic Artist,97
SAMPLE01914,Metal Track 1914,0.3155,0.9788,0.0435,0.0,92.5349,-4.5398,metal,Synthetic Artist,33
SAMPLE01915,Metal Track 1915,0.3825,0.8154,0.3012,0.07,120.4307,-5.8138,metal,Synthetic Artist,39
SAMPLE01916,Metal Track 1916,0.2931,0.8911,0.0804,0.0,135.948,-6.3754,metal,Synthetic Artist,33
SAMPLE01917,Metal Track 1917,0.3303,0.9855,0.4015,0.0,123.9,-5.1583,metal,Synthetic Artist,78
SAMPLE01918,Metal Track 1918,0.5823,0.8379,0.3612,0.026,165.2191,-7.441,metal,Synthetic Artist,64
SAMPLE01919,Metal Track 1919,0.5014,0.9676,0.2885,0.0989,123.7451,-5.073,metal,Synthetic Artist,40
SAMPLE01920,Metal Track 1920,0.3046,0.9513,0.5684,0.0477,125.9638,-5.0758,metal,Synthetic Artist,34
SAMPLE01921,Metal Track 1921,0.3283,0.9192,0.2366,0.0,157.4389,-7.1851,metal,Synthetic Artist,75
SAMPLE01922,Metal Track 1922,0.2395,0.877,0.4154,0.0965,187.3213,-5.1027,metal,Synthetic Artist,57
SAMPLE01923,Metal Track 1923,0.4575,0.831,0.5141,0.0,175.225,-5.3913,metal,Synthetic Artist,75
SAMPLE01924,Metal Track 1924,0.3525,1.0,0.0534,0.0333,128.9004,-5.2324,metal,Synthetic Artist,49
SAMPLE01925,Metal Track 1925,0.1637,0.9442,0.2003,0.0444,131.5146,-0.3925,metal,Synthetic Artist,59
SAMPLE01926,Metal Track 1926,0.3911,0.9238,0.3608,0.0,134.4016,-5.6383,metal,Synthetic Artist,55
SAMPLE01927,Metal Track 1927,0.4283,0.8711,0.476,0.0549,137.41,-6.2319,metal,Synthetic Artist,39
SAMPLE01928,Metal Track 1928,0.4859,0.9027,0.6342,0.0,107.5796,-6.3289,metal,Synthetic Artist,47
SAMPLE01929,Metal Track 1929,0.3719,0.9115,0.3068,0.0548,161.0978,-7.3727,metal,Synthetic Artist,29
SAMPLE01930,Metal Track 1930,0.339,0.928,0.2867,0.0,139.1983,-3.9603,metal,Synthetic Artist,59
SAMPLE01931,Metal Track 1931,0.5985,0.9514,0.1755,0.0367,131.6543,-6.5641,metal,Synthetic Artist,64
SAMPLE01932,Metal Track 1932,0.3807,0.8452,0.416,0.0,94.8656,-6.9645,metal,Synthetic Artist,68
SAMPLE01933,Metal Track 1933,0.4592,0.7973,0.2906,0.0775,134.8686,-7.1925,metal,Synthetic Artist,62
SAMPLE01934,Metal Track 1934,0.3207,0.9059,0.2952,0.0178,76.2036,-7.4345,metal,Synthetic Artist,48
SAMPLE01935,Metal Track 1935,0.4559,0.7777,0.3312,0.0825,115.5505,-9.736,metal,Synthetic Artist,78
SAMPLE01936,Metal Track 1936,0.2199,0.8773,0.4603,0.0454,116.1071,-6.5618,metal,Synthetic Artist,66
SAMPLE01937,Metal Track 1937,0.3292,0.8644,0.2373,0.0136,141.6099,-3.9672,metal,Synthetic Artist,75
SAMPLE01938,Metal Track 1938,0.2471,0.9344,0.1956,0.0594,189.3955,-4.8995,metal,Synthetic Artist,76
SAMPLE01939,Metal Track 1939,0.3135,1.0,0.4363,0.0597,150.1572,-1.7788,metal,Synthetic Artist,48
SAMPLE01940,Metal Track 1940,0.5176,0.7639,0.0,0.0436,176.4521,-4.8148,metal,Synthetic Artist,57
SAMPLE01941,Metal Track 1941,0.3126,1.0,0.2293,0.0,152.3564,-3.8521,metal,Synthetic Artist,64
SAMPLE01942,Metal Track 1942,0.459,0.8837,0.1197,0.0,166.7516,-1.8326,metal,Synthetic Artist,29
SAMPLE01943,Metal Track 1943,0.5469,0.9243,0.5907,0.0892,188.7138,-5.5482,metal,Synthetic Artist,30
SAMPLE01944,Metal Track 1944,0.377,0.801,0.2618,0.0,111.0449,-5.9681,metal,Synthetic Artist,27
SAMPLE01945,Metal Track 1945,0.4893,0.9698,0.2379,0.0641,109.0869,-5.1042,metal,Synthetic Artist,48
SAMPLE01946,Metal Track 1946,0.4384,0.9029,0.3403,0.0553,153.0643,-2.395,metal,Synthetic Artist,44
SAMPLE01947,Metal Track 1947,0.3928,0.8957,0.2309,0.0,132.8896,-5.5208,metal,Synthetic Artist,24
SAMPLE01948,Metal Track 1948,0.4625,0.7644,0.2695,0.0,139.6106,-7.6103,metal,Synthetic Artist,53
SAMPLE01949,Metal Track 1949,0.5824,0.9052,0.3694,0.0,125.54,-4.2937,metal,Synthetic Artist,48
SAMPLE01950,Metal Track 1950,0.3099,0.9592,0.2656,0.1239,115.1122,-6.7773,metal,Synthetic Artist,71
SAMPLE01951,Metal Track 1951,0.2745,0.8835,0.2642,0.0,181.6229,-4.5323,metal,Synthetic Artist,86
SAMPLE01952,Metal Track 1952,0.268,0.9822,0.148,0.0,100.0042,-4.1792,metal,Synthetic Artist,58
SAMPLE01953,Metal Track 1953,0.4894,0.9793,0.1192,0.0,153.5918,-5.403,metal,Synthetic Artist,37
SAMPLE01954,Metal Track 1954,0.5042,0.8551,0.3621,0.0807,148.7268,-4.6376,metal,Synthetic Artist,62
SAMPLE01955,Metal Track 1955,0.3209,1.0,0.4113,0.0079,85.6296,-7.8756,metal,Synthetic Artist,50
SAMPLE01956,Metal Track 1956,0.145,0.9032,0.0644,0.0,108.0766,-5.1551,metal,Synthetic Artist,46
SAMPLE01957,Metal Track 1957,0.3058,0.9035,0.502,0.0907,113.1193,-6.4046,metal,Synthetic Artist,34
SAMPLE01958,Metal Track 1958,0.4403,0.9069,0.5028,0.049,149.9375,0.0,metal,Synthetic Artist,42
SAMPLE01959,Metal Track 1959,0.3727,0.9049,0.5449,0.0,121.9889,-5.1592,metal,Synthetic Artist,47
SAMPLE01960,Metal Track 1960,0.3998,0.7159,0.41,0.0,130.4323,-7.7974,metal,Synthetic Artist,64
SAMPLE01961,Metal Track 1961,0.3224,0.887,0.4774,0.0779,89.2706,-8.3345,metal,Synthetic Artist,59
SAMPLE01962,Metal Track 1962,0.4915,0.8045,0.787,0.0208,202.7774,-3.462,metal,Synthetic Artist,83
SAMPLE01963,Metal Track 1963,0.4178,1.0,0.2897,0.0,135.1359,-5.6001,metal,Synthetic Artist,62
SAMPLE01964,Metal Track 1964,0.4445,1.0,0.1409,0.0,147.97,-6.4827,metal,Synthetic Artist,58
SAMPLE01965,Metal Track 1965,0.3975,0.9596,0.0432,0.0,116.7812,-4.4696,metal,Synthetic Artist,44
SAMPLE01966,Metal Track 1966,0.4377,0.8833,0.7011,0.0,113.4212,-4.3007,metal,Synthetic Artist,31
SAMPLE01967,Metal Track 1967,0.4304,0.8294,0.7038,0.0,190.3805,-4.6555,metal,Synthetic Artist,40
SAMPLE01968,Metal Track 1968,0.2779,0.854,0.1651,0.0,75.4984,-5.7367,metal,Synthetic Artist,37
SAMPLE01969,Metal Track 1969,0.421,1.0,0.2045,0.0,141.3594,-4.5816,metal,Synthetic Artist,4
SAMPLE01970,Metal Track 1970,0.4671,0.8515,0.2852,0.0,96.6549,-5.3266,metal,Synthetic Artist,32
SAMPLE01971,Metal Track 1971,0.5071,0.7351,0.5949,0.1046,120.85,-5.8166,metal,Synthetic Artist,79
SAMPLE01972,Metal Track 1972,0.4258,0.9721,0.0925,0.0067,113.8572,-4.2176,metal,Synthetic Artist,57
SAMPLE01973,Metal Track 1973,0.2738,1.0,0.0,0.0116,103.4207,-2.7111,metal,Synthetic Artist,43
SAMPLE01974,Metal Track 1974,0.2908,1.0,0.7835,0.0455,134.0633,-4.7872,metal,Synthetic Artist,57
SAMPLE01975,Metal Track 1975,0.3321,0.9727,0.4125,0.0081,55.9591,-6.6975,metal,Synthetic Artist,15
SAMPLE01976,Metal Track 1976,0.4008,0.9841,0.4409,0.04,123.5353,-5.2839,metal,Synthetic Artist,55
SAMPLE01977,Metal Track 1977,0.3666,0.9037,0.309,0.034,130.2913,-3.9702,metal,Synthetic Artist,73
SAMPLE01978,Metal Track 1978,0.2564,0.7547,0.4432,0.0261,92.2217,-9.9451,metal,Synthetic Artist,48
SAMPLE01979,Metal Track 1979,0.2557,0.902,0.0472,0.1583,178.3966,-9.0498,metal,Synthetic Artist,18
SAMPLE01980,Metal Track 1980,0.1492,0.9435,0.1818,0.0656,115.1662,-3.4024,metal,Synthetic Artist,43
SAMPLE01981,Metal Track 1981,0.0369,0.8905,0.371,0.0,125.8755,-2.5166,metal,Synthetic Artist,73
SAMPLE01982,Metal Track 1982,0.3655,0.8873,0.0,0.0385,115.2334,-8.1064,metal,Synthetic Artist,55
SAMPLE01983,Metal Track 1983,0.6352,0.8325,0.2895,0.0,130.553,-5.704,metal,Synthetic Artist,24
SAMPLE01984,Metal Track 1984,0.5776,0.8299,0.2772,0.0423,172.2443,-6.7198,metal,Synthetic Artist,93
SAMPLE01985,Metal Track 1985,0.2724,1.0,0.2895,0.0,207.1905,-5.4217,metal,Synthetic Artist,27
SAMPLE01986,Metal Track 1986,0.3965,1.0,0.2398,0.0,155.3692,-4.2889,metal,Synthetic Artist,46
SAMPLE01987,Metal Track 1987,0.2189,0.8998,0.1508,0.0372,165.6398,-8.0869,metal,Synthetic Artist,31
SAMPLE01988,Metal Track 1988,0.2357,0.9197,0.0,0.0699,184.4928,-7.5962,metal,Synthetic Artist,31
SAMPLE01989,Metal Track 1989,0.2483,0.8313,0.3789,0.0451,140.4661,-6.5145,metal,Synthetic Artist,42
SAMPLE01990,Metal Track 1990,0.3552,0.945,0.29,0.0627,180.1075,-5.5209,metal,Synthetic Artist,61
SAMPLE01991,Metal Track 1991,0.3599,1.0,0.0749,0.0387,156.772,-7.1519,metal,Synthetic Artist,73
SAMPLE01992,Metal Track 1992,0.4078,0.793,0.3625,0.0286,137.3196,-4.563,metal,Synthetic Artist,43
SAMPLE01993,Metal Track 1993,0.453,0.9325,0.291,0.0,143.5102,-6.1403,metal,Synthetic Artist,32
SAMPLE01994,Metal Track 1994,0.3429,0.9377,0.2578,0.0607,78.3575,-6.1172,metal,Synthetic Artist,59
SAMPLE01995,Metal Track 1995,0.384,0.9369,0.0,0.0712,141.7636,-4.7131,metal,Synthetic Artist,59
SAMPLE01996,Metal Track 1996,0.2597,1.0,0.4866,0.0168,86.6876,-5.1578,metal,Synthetic Artist,54
SAMPLE01997,Metal Track 1997,0.2321,1.0,0.1034,0.0142,84.2419,-3.225,metal,Synthetic Artist,55
SAMPLE01998,Metal Track 1998,0.2151,0.8837,0.3627,0.0996,138.7864,-7.4649,metal,Synthetic Artist,48
SAMPLE01999,Metal Track 1999,0.4514,0.9471,0.1883,0.019,99.5776,-8.012,metal,Synthetic Artist,52
